,recomm,words,words_Update
烤鸭,67944,烤鸭,烤鸭
虾饺,35605,虾饺,虾饺
水煮鱼,35183,水煮鱼,水煮鱼
毛血旺,27728,毛血旺,毛血旺
三文鱼,24702,三文鱼,三文鱼
虾滑,23643,虾-滑,火锅-虾滑
羊肉串,23277,羊肉串,羊肉串
冰火菠萝油,20914,冰火-菠萝油,冰火-菠萝油
虾饺皇,20756,虾饺-皇,虾饺皇-粤
榴莲酥,20482,榴莲-酥,榴莲酥-酥
水煮鲶鱼,18769,水煮-鲶鱼,水煮-鲶鱼
馋嘴牛蛙,18373,馋嘴-牛蛙,馋嘴-牛蛙
宫保鸡丁,15961,宫保鸡-丁,宫保-鸡丁
面包诱惑,15575,面包-诱惑,面包
钵钵鸡,14809,钵-钵-鸡,钵钵-鸡-麻辣-川
红烧肉,13632,红烧肉,红烧肉
凤爪,13620,凤爪,凤爪
酸菜鱼,13429,酸菜鱼,酸菜鱼
滑牛肉,13214,滑-牛肉,滑-牛肉-闽
剁椒鱼头,12884,剁-椒-鱼头,剁椒-鱼头
乳鸽,11731,乳鸽,乳鸽
骨头锅,11380,骨头-锅,骨头-锅底
皮蛋瘦肉粥,11202,皮蛋-瘦肉粥,皮蛋-瘦肉粥
东坡肉,10888,东坡肉,东坡肉
咖喱皇炒蟹,10707,咖喱-皇-炒-蟹,咖喱-炒蟹
鸭血,10342,鸭血,鸭血
秘制酥皮虾,9934,秘制-酥皮-虾,酥皮-虾
蜂蜜厚多士,9777,蜂蜜-厚多士,蜂蜜-厚多士-吐司
绿茶烤肉,9669,绿茶-烤肉,绿茶-烤肉
抻面,9631,抻-面,抻面
三杯鸡,9590,三杯-鸡,三杯-鸡
鸳鸯鱼头,8848,鸳鸯-鱼头,鸳鸯-鱼头
麻婆豆腐,8788,麻婆豆腐,麻婆豆腐
三文鱼刺身,8649,三文鱼-刺身,三文鱼-刺身
口水鸡,8633,口水鸡,口水-鸡
锅包肉,8346,锅包肉,锅包肉
牛排,8260,牛排,牛排
手撕包菜,7805,手-撕-包菜,手撕-包菜
豉汁蒸凤爪,7719,豉汁-蒸-凤爪,豉汁-蒸-凤爪
鲜虾云吞,7598,鲜虾-云吞,鲜虾-云吞
绿茶饼,7560,绿茶-饼,绿茶-饼
酸汤肥牛,7490,酸-汤-肥牛,酸汤-肥牛
腊味煲仔饭,7469,腊味-煲仔饭,腊味-煲仔饭
土豆泥,7453,土豆泥,土豆-泥
蟹黄豆腐,7434,蟹黄-豆腐,蟹黄-豆腐
菠萝油,7400,菠萝油,菠萝油
鸳鸯锅底,7371,鸳鸯-锅底,鸳鸯-锅底
干锅牛蛙,7155,干锅-牛蛙,干锅-牛蛙
炭烧猪颈肉,6943,炭烧-猪颈肉,炭烧-猪颈肉
菲力牛排,6785,菲力-牛排,菲力-牛排
肠粉,6648,肠粉,肠粉
马来咖喱牛腩,6331,马来-咖喱-牛腩,马来-咖喱-牛腩
提拉米苏,6181,提拉-米苏,提拉-米苏
松鼠桂鱼,6129,松鼠-桂鱼,松鼠-桂鱼
麻辣小龙虾,6096,麻辣-小龙虾,麻辣-小龙虾
精品烤鸭,6081,精品-烤鸭,烤鸭
烧鹅,6010,烧鹅,烧鹅
大盘鸡,5966,大盘鸡,大盘鸡
芥末鸭掌,5853,芥末-鸭掌,芥末-鸭掌
馋嘴蛙,5811,馋嘴-蛙,馋嘴-蛙
茶香鸡,5787,茶香-鸡,茶香-鸡
扇贝,5675,扇贝,扇贝
鱼头泡饼,5630,鱼头-泡饼,鱼头-泡饼
炭烧生蚝,5604,炭烧-生-蚝,炭烧-生-蚝
龙井虾仁,5604,龙井-虾仁,龙井-虾仁
咖喱牛腩,5458,咖喱-牛腩,咖喱-牛腩
清炒虾仁,5427,清炒虾仁,清炒虾仁
脆皮乳鸽,5426,脆皮-乳鸽,脆皮-乳鸽
糖醋小排,5239,糖醋-小排,糖醋-小排
西湖醋鱼,5237,西湖-醋-鱼,西湖-醋鱼
脆皮叉烧,5032,脆皮-叉烧,脆皮-叉烧
毛肚,4962,毛肚,毛肚
金牌煎饺,4918,金牌-煎-饺,煎饺
臭豆腐,4895,臭豆腐,臭豆腐
皇坛子,4888,皇-坛子,皇坛子
鸡翅,4886,鸡翅,鸡翅
墨鱼水饺,4833,墨鱼-水饺,墨鱼-水饺
菠萝饭,4769,菠萝-饭,菠萝-饭
煲仔饭,4726,煲仔饭,煲仔饭
北京烤鸭,4717,北京烤鸭,北京烤鸭
夫妻肺片,4663,夫妻-肺片,夫妻-肺片
功夫鱼,4614,功夫-鱼,功夫鱼
熏鱼,4592,熏鱼,熏鱼
厚百叶,4574,厚-百叶,厚-百叶
生蚝,4536,生-蚝,生蚝
干炒牛河,4464,干-炒-牛河,干炒-牛河
狮子头,4439,狮子头,狮子头
红糖糍粑,4409,红糖-糍粑,红糖-糍粑
蓝莓山药,4402,蓝莓-山药,蓝莓-山药
香辣蟹,4369,香辣蟹,香辣蟹
墨鱼胶油条,4357,墨鱼-胶-油条,墨鱼-胶油条
火焰虾,4356,火焰-虾,火焰-虾
小吊梨汤,4312,小吊梨汤,小吊梨汤
流沙包,4296,流-沙包,流沙-包
烤鱼,4245,烤鱼,烤鱼
香辣烤鱼,4189,香辣-烤鱼,香辣-烤鱼
酱烧茄子,4138,酱-烧茄子,酱烧-茄子
外婆红烧肉,4066,外婆-红烧肉,外婆-红烧肉
鹅肝,4014,鹅-肝,鹅肝
骨头王锅底,3974,骨头-王-锅底,骨头-锅底
蛋挞,3941,蛋挞,蛋挞
麻辣诱惑蛙,3932,麻辣-诱惑-蛙,麻辣-蛙
蜜汁叉烧,3910,蜜汁-叉烧,蜜汁-叉烧
李家大排,3892,李家大-排,大排
饺子,3875,饺子,饺子
青年拌菜,3858,青年-拌-菜,青年拌菜
港丽炒饭,3834,港丽-炒饭,炒饭
糖醋排骨,3826,糖醋排骨,糖醋-排骨
天王烤鸭包,3818,天王-烤鸭-包,烤鸭-包
骨头砂锅,3772,骨头-砂锅,骨头-锅底
水晶虾仁,3769,水晶-虾仁,水晶-虾仁
龙虾,3670,龙虾,龙虾
吊龙,3668,吊龙,吊龙-粤
片皮鸭,3638,片皮-鸭,片皮-鸭
咖喱蟹,3635,咖喱-蟹,咖喱-蟹
盐水鸭肝,3581,盐水鸭-肝,盐水-鸭肝
烤羊腿,3569,烤羊-腿,烤羊-羊腿
香辣虾,3536,香辣虾,香辣-虾
大拌菜,3534,大拌-菜,大拌菜
鸳鸯鱼头王,3509,鸳鸯-鱼头-王,鸳鸯-鱼头
越式牛肉粒,3425,越式-牛肉-粒,越式-牛肉粒
叉烧,3398,叉烧,叉烧
纸包鸡翅,3395,纸包-鸡翅,纸包-鸡翅
羊蝎子,3395,羊蝎子,羊蝎子
农家小炒肉,3391,农家-小炒-肉,农家-小炒肉
鲍鱼,3382,鲍鱼,鲍鱼
雪花牛肉,3340,雪花-牛肉,雪花-牛肉
宫爆鸡丁,3333,宫爆鸡丁,宫爆-鸡丁
羊肉,3333,羊肉,羊肉
烤羊排,3330,烤羊-排,烤羊-羊排
奶油猪仔包,3322,奶油-猪仔-包,奶油-猪仔-包
烤肉,3319,烤肉,烤肉
麻酱油麦菜,3294,麻酱-油麦-菜,麻酱-油麦-菜
红菜汤,3289,红-菜汤,红-菜汤
冬阴功汤,3284,冬阴功-汤,冬阴功-汤
茴香豆,3281,茴香豆,茴香豆
果木烤鸭,3279,果木-烤鸭,果木-烤鸭
糖醋里脊,3260,糖醋-里脊,糖醋-里脊
豉汁凤爪,3260,豉汁-凤爪,豉汁-凤爪
清蒸鲥鱼,3256,清蒸-鲥鱼,清蒸-鲥鱼
罐焖牛肉,3247,罐-焖牛肉,罐-焖-牛肉
炸酱面,3218,炸酱面,炸酱面
蟹粉豆腐,3185,蟹粉-豆腐,蟹粉-豆腐
烤生蚝,3171,烤生-蚝,烤-生蚝
牛肉,3127,牛肉,牛肉
蛋黄鸡翅,3125,蛋黄-鸡翅,蛋黄-鸡翅
羊排,3098,羊排,羊排
响油鳝糊,3094,响油鳝-糊,响油-鳝糊
菠萝包,3064,菠萝包,菠萝包
妈妈大拉皮,3060,妈妈-大-拉皮,妈妈-大-拉皮
油爆虾,3033,油爆-虾,油爆-虾
秘制串烧虾,3033,秘制-串烧-虾,秘制-串烧-虾
桂花山药,3009,桂花-山药,桂花-山药
黄花鱼水饺,2977,黄花鱼-水饺,黄花鱼-水饺
葫芦鸡,2969,葫芦-鸡,葫芦-鸡
麻辣兔头,2958,麻辣-兔头,麻辣-兔头
麻辣牛肉,2953,麻辣-牛肉,麻辣-牛肉
烤鸭包,2907,烤鸭-包,烤鸭-包
肥牛,2898,肥牛,肥牛
干炸丸子,2891,干-炸丸子,干炸-丸子
马德里薄切生牛肉,2882,马德里-薄切生-牛肉,马德里-薄切生-牛肉
菠萝油条虾,2866,菠萝油-条虾,菠萝油-条虾
烤羊肉,2861,烤羊肉,烤羊肉
烤鸡翅,2849,烤鸡-翅,烤鸡-翅
红烧乳鸽,2818,红烧-乳鸽,红烧-乳鸽
水晶虾饺皇,2817,水晶-虾饺-皇,水晶-虾饺-皇
蒸凤爪,2812,蒸-凤爪,蒸-凤爪
川北凉粉,2811,川北-凉粉,川北-凉粉
澳门胡椒猪骨煲,2792,澳门-胡椒-猪骨煲,澳门-胡椒-猪骨煲
蜜汁梅肉,2773,蜜汁-梅肉,蜜汁-梅肉
干酪鱼,2755,干酪-鱼,干酪-鱼
酸汤鱼,2753,酸-汤鱼,酸-汤-鱼
砂锅白肉,2743,砂锅-白肉,砂锅-白肉
肉夹馍,2737,肉夹馍,肉夹馍
担担面,2723,担担面,担担面
法式蜗牛汤,2718,法式-蜗牛-汤,法式-蜗牛-汤
鲅鱼水饺,2687,鲅鱼-水饺,鲅鱼-水饺
猫耳朵,2646,猫-耳朵,猫-耳朵
东北大拉皮,2645,东北-大-拉皮,东北-大-拉皮
霸王蛙,2633,霸王-蛙,霸王-蛙
乾隆白菜,2624,乾隆-白菜,乾隆-白菜
宫保虾球,2619,宫保-虾球,宫保-虾球
汽锅鸡,2587,汽锅-鸡,汽锅-鸡
烧饼,2577,烧饼,烧饼
小龙虾,2570,小龙虾,小龙虾
清炒河虾仁,2561,清炒-河-虾仁,清炒-河-虾仁
莜面,2559,莜面,莜面
民国美龄粥,2512,民国-美龄-粥,民国-美龄-粥
千层肚,2482,千层-肚,千层-肚
鲜鸭血,2481,鲜鸭血,鲜鸭血
鱼头诱惑,2463,鱼头-诱惑,鱼头-诱惑
黑米八宝粥,2451,黑米-八宝粥,黑米-八宝粥
佛跳墙,2407,佛跳墙,佛跳墙
生煎包,2405,生煎包,生煎包
金牌烤蛏,2405,金牌-烤-蛏,金牌-烤-蛏
面筋,2397,面筋,面筋
蜂蜜厚多士配雪糕,2393,蜂蜜-厚多士配-雪糕,蜂蜜-厚多士配-雪糕
窑烤蜜汁梅肉,2385,窑-烤-蜜汁-梅肉,窑-烤-蜜汁-梅肉
九转大肠,2357,九转-大肠,九转-大肠
石锅沸腾饭,2340,石锅-沸腾-饭,石锅-沸腾-饭
火锅,2331,火锅,火锅
牛仔骨,2326,牛仔-骨,牛仔-骨
奶香手撕饼,2309,奶香手-撕饼,奶香手-撕饼
猪肚鸡,2284,猪肚-鸡,猪肚-鸡
蒜香面包,2275,蒜-香-面包,蒜-香-面包
虾仁馅饼,2274,虾仁-馅饼,虾仁-馅饼
五花肉,2265,五花肉,五花肉
炖汤,2249,炖汤,炖汤
刺身,2234,刺身,刺身
大饼卷牛肉,2226,大饼-卷-牛肉,大饼-卷-牛肉
石锅蛙,2225,石锅-蛙,石锅-蛙
鸭肠,2225,鸭肠,鸭肠
沙姜鸡,2206,沙姜鸡,沙姜鸡
豉油皇鹅肠,2200,豉油-皇鹅肠,豉油-皇鹅肠
鹅肠,2197,鹅肠,鹅肠
牛肉丸,2187,牛肉丸,牛肉丸
爆炒腰花,2186,爆-炒腰花,爆炒-腰花
十三香龙虾,2178,十三-香-龙虾,十三香-龙虾
素鲍鱼,2177,素-鲍鱼,素-鲍鱼
梨球果仁虾,2139,梨球-果仁-虾,梨球-果仁-虾
文昌鸡,2137,文昌鸡,文昌鸡
老妈蹄花,2133,老妈-蹄花,老妈-蹄花
鲅鱼饺子,2131,鲅鱼-饺子,鲅鱼-饺子
贝勒烤肉,2110,贝勒-烤肉,贝勒-烤肉
鱼蛋粉,2110,鱼-蛋粉,鱼蛋粉
小笼,2108,小笼,小笼
花家白菜,2108,花家-白菜,花家-白菜
生煎,2097,生-煎,生煎
蟹粉小笼,2095,蟹粉-小笼,蟹粉-小笼
蒜香排骨,2085,蒜-香-排骨,蒜香-排骨
闷骚南瓜,2075,闷骚-南瓜,闷骚-南瓜
嫩牛肉,2073,嫩-牛肉,嫩-牛肉
宋嫂鱼羹,2071,宋嫂-鱼-羹,宋嫂-鱼-羹
霸王鸡,2067,霸王-鸡,霸王-鸡
牛蛙,2057,牛蛙,牛蛙
五香兔头,2041,五香-兔头,五香-兔头
酥皮鱼翅汤,2029,酥皮-鱼翅-汤,酥皮-鱼翅-汤
黑森林蛋糕,2024,黑森林-蛋糕,黑森林-蛋糕
辣炒蛤蜊,2023,辣-炒-蛤蜊,辣-炒-蛤蜊
黑椒牛仔骨,2022,黑椒-牛仔-骨,黑椒-牛仔-骨
牛眼粒,2018,牛眼粒,牛眼粒
海瓜子,2015,海瓜子,海瓜子
东坡肘子,1987,东坡-肘子,东坡-肘子
八珍豆腐,1982,八珍-豆腐,八珍-豆腐
豌豆黄,1975,豌豆黄,豌豆黄
鱼香肉丝,1971,鱼香肉丝,鱼香肉丝
世宁土豆泥,1964,世宁-土豆泥,世宁-土豆泥
鸡丝凉面,1955,鸡丝-凉面,鸡丝-凉面
葱烧海参,1954,葱烧-海参,葱烧-海参
叫化鸡,1947,叫化-鸡,叫化-鸡
虾茸草菇白菜,1939,虾-茸-草菇-白菜,虾茸-草菇-白菜
酥皮虾,1923,酥皮-虾,酥皮-虾
八味豆腐,1891,八味-豆腐,八味-豆腐
花雕鸡,1889,花雕-鸡,花雕-鸡
西杏炸虾卷,1882,西杏炸-虾-卷,西杏炸-虾-卷
咖喱皇炒虾,1881,咖喱-皇-炒-虾,咖喱-炒-虾
烤牛舌,1879,烤-牛舌,烤-牛舌
酱排骨,1871,酱-排骨,酱-排骨
老爆三,1865,老爆-三,老爆-三
青豆泥,1859,青豆-泥,青豆-泥
猪颈肉,1855,猪颈肉,猪颈肉
上酱肥牛配土豆泥,1849,上酱-肥牛-配-土豆泥,上酱-肥牛-配-土豆泥
奶黄包,1840,奶黄包,奶黄包
干炸小丸子,1839,干炸-小丸子,干炸-小丸子
樟茶鸭,1837,樟茶-鸭,樟茶-鸭
辣子鸡,1829,辣子鸡,辣子鸡
手切羊肉,1824,手切-羊肉,手切-羊肉
基围虾,1819,基围-虾,基围-虾
红杏鸡,1818,红杏鸡,红杏-鸡
八爷烤鸭,1811,八爷-烤鸭,八爷-烤鸭
梨汤,1810,梨-汤,梨汤
油焖大虾,1805,油焖-大虾,油焖-大虾
红米肠,1796,红米肠,红米肠
小笼包,1787,小笼包,小笼包
火燎鸭心,1766,火燎-鸭心,火燎-鸭心
蒜香河虾,1765,蒜-香河-虾,蒜-香河-虾
台塑牛排,1761,台塑-牛排,台塑-牛排
虾仁鸡翅,1761,虾仁-鸡翅,虾仁-鸡翅
酱骨架,1761,酱-骨架,酱-骨-架
海鲜粥,1753,海鲜-粥,海鲜-粥
凉面,1752,凉面,凉面
笔筒色拉,1737,笔筒-色拉,笔筒-色拉
生鱼片,1708,生鱼片,生鱼片
葱烤大排,1696,葱-烤-大排,葱烤-大排
鸭血粉丝汤,1691,鸭血-粉丝汤,鸭血-粉丝汤
春天虾饺皇,1686,春天-虾饺-皇,春天-虾饺-皇
局气豆腐,1678,局气-豆腐,局气-豆腐
螃蟹,1678,螃蟹,螃蟹
羊肉泡馍,1668,羊肉-泡馍,羊肉-泡馍
香茅草烤罗非鱼,1652,香茅草-烤-罗非鱼,香茅草-烤-罗非鱼
点心,1636,点心,点心
水晶鸡,1629,水晶-鸡,水晶-鸡
罾蹦鲤鱼,1629,罾-蹦-鲤鱼,罾-蹦-鲤鱼
妈妈熏排骨,1620,妈妈-熏-排骨,妈妈-熏-排骨
瑞士牛排,1605,瑞士-牛排,瑞士-牛排
小鸡炖蘑菇,1593,小鸡-炖-蘑菇,小鸡-炖-蘑菇
肉蟹煲,1584,肉蟹-煲,肉蟹-煲
椒麻鸡,1577,椒-麻鸡,椒麻-鸡
榴莲披萨,1566,榴莲-披萨,榴莲-披萨
椰子鸡,1564,椰子-鸡,椰子-鸡
豆豉清江鱼,1561,豆豉-清江-鱼,豆豉-清江-鱼
炒疙瘩,1555,炒-疙瘩,炒-疙瘩
烤乳鸽,1554,烤-乳鸽,烤-乳鸽
蛋黄子排,1552,蛋黄-子排,蛋黄-子排
飞鱼籽蒸蛋,1551,飞鱼-籽-蒸蛋,飞鱼-籽-蒸蛋
小炒肉,1544,小炒-肉,小炒-肉
京酱肉丝,1540,京酱-肉丝,京酱-肉丝
自制豆腐,1530,自制-豆腐,自制-豆腐
夸张的新疆大盘鸡,1529,夸张-的-新疆-大盘鸡,夸张-的-新疆-大盘鸡
香辣美容蹄,1528,香辣-美容-蹄,香辣-美容-蹄
醋溜木须,1526,醋溜-木须,醋溜-木须
锅贴,1524,锅贴,锅贴
沸腾鱼,1523,沸腾-鱼,沸腾-鱼
手打牛肉丸,1520,手打-牛肉丸,手打-牛肉丸
黄馍馍,1519,黄-馍馍,黄-馍馍
拿破仑,1518,拿破仑,拿破仑
抹茶慕斯,1509,抹-茶-慕斯,抹-茶-慕斯
香酥鸭,1502,香酥-鸭,香酥-鸭
奶油蘑菇汤,1500,奶油-蘑菇-汤,奶油-蘑菇-汤
咖喱皇大虾配法式面包,1496,咖喱-皇-大虾-配-法式-面包,咖喱-皇-大虾-配-法式-面包
麻辣香锅,1488,麻辣-香锅,麻辣-香锅
小馄饨,1486,小-馄饨,小-馄饨
碳烧猪颈肉,1484,碳-烧猪-颈肉,碳-烧猪-颈肉
锡纸鲈鱼,1481,锡纸-鲈鱼,锡纸-鲈鱼
白斩鸡,1479,白斩鸡,白斩鸡
酸辣土豆丝,1468,酸辣-土豆丝,酸辣-土豆丝
羲和烤鸭,1461,羲-和-烤鸭,羲-和-烤鸭
鹅肝包,1460,鹅-肝包,鹅-肝包
金针菇,1458,金针菇,金针菇
八色小笼,1453,八色-小笼,八色-小笼
麻辣烫,1449,麻辣烫,麻辣烫
文东海南鸡,1446,文-东海-南鸡,文-东海-南鸡
玉米烙,1446,玉米-烙,玉米-烙
牛肉面,1445,牛肉面,牛肉面
江石滚肥牛,1442,江石-滚-肥牛,江石-滚-肥牛
铜锣烧,1426,铜锣-烧,铜锣-烧
老奶洋芋,1421,老奶-洋芋,老奶-洋芋
餐前面包,1421,餐前-面包,餐前-面包
想吃土豆,1416,想-吃-土豆,想-吃-土豆
牛肚,1416,牛肚,牛肚
越式牛柳粒,1416,越式-牛柳-粒,越式-牛柳-粒
长安葫芦鸡,1407,长安-葫芦-鸡,长安-葫芦-鸡
津味油条,1405,津味-油条,津味-油条
老妈红烧肉,1405,老妈-红烧肉,老妈-红烧肉
卤肉饭,1404,卤肉饭,卤肉饭
鸭血粉丝煲,1404,鸭血-粉丝-煲,鸭血-粉丝-煲
小豆凉糕,1402,小豆-凉糕,小豆-凉糕
炸糕,1402,炸糕,炸糕
鱼生,1399,鱼-生,鱼-生
咖喱虾,1394,咖喱-虾,咖喱-虾
玉兰饼,1394,玉兰-饼,玉兰-饼
桃仁剔炒鸡,1389,桃仁-剔-炒-鸡,桃仁-剔-炒-鸡
梭子蟹炒年糕,1379,梭子蟹-炒年糕,梭子蟹-炒年糕
葱油饼,1377,葱油饼,葱油饼
清江鱼,1375,清江-鱼,清江-鱼
鸡爪,1365,鸡爪,鸡爪
凤梨虾球,1361,凤梨-虾球,凤梨-虾球
人间豆腐,1355,人间-豆腐,人间-豆腐
牛羊杂汤,1347,牛羊-杂汤,牛羊-杂汤
鱼头,1345,鱼头,鱼头
地三鲜,1339,地-三鲜,地-三鲜
深井烧鹅,1334,深井-烧鹅,深井-烧鹅
酱骨头,1332,酱-骨头,酱-骨头
烤串,1330,烤串,烤串
烤鳗鱼,1330,烤鳗鱼,烤鳗鱼
窑烤大羊肉串,1324,窑-烤-大-羊肉串,窑-烤-大-羊肉串
奶油烤蘑菇,1314,奶油-烤-蘑菇,奶油-烤-蘑菇
拉面,1314,拉面,拉面
黄喉,1309,黄喉,黄喉
奶香青豆泥,1301,奶香-青豆-泥,奶香-青豆-泥
炸灌肠,1297,炸-灌肠,炸-灌肠
十三香小龙虾,1295,十三-香-小龙虾,十三-香-小龙虾
咸水鸭肝,1287,咸水-鸭肝,咸水-鸭肝
刀削面,1277,刀削面,刀削面
蕨根粉,1277,蕨-根粉,蕨-根粉
小米椒爱上小公鸡,1276,小米-椒-爱-上-小公鸡,小米椒-爱-上-小公鸡
湘西霸王蛙,1275,湘西-霸王-蛙,湘西-霸王-蛙
菠萝炒饭,1274,菠萝-炒饭,菠萝-炒饭
叉烧酥,1271,叉烧-酥,叉烧-酥
铁板鲈鱼,1271,铁板-鲈鱼,铁板-鲈鱼
葱油鸡,1268,葱油鸡,葱油鸡
秘制牛肉,1262,秘制-牛肉,秘制-牛肉
宫爆虾球,1259,宫爆-虾球,宫爆-虾球
酸辣粉,1256,酸辣粉,酸辣粉
砂锅豆腐,1255,砂锅-豆腐,砂锅-豆腐
湄公鱼,1252,湄公鱼,湄公鱼
凉拌素三样,1247,凉拌-素-三样,凉拌-素-三样
清蒸鲈鱼,1245,清蒸-鲈鱼,清蒸-鲈鱼
榴莲薄饼,1239,榴莲-薄饼,榴莲-薄饼
西湖雪媚娘,1238,西湖-雪媚娘,西湖-雪媚娘
猪手,1234,猪手,猪手
掌中宝,1233,掌中宝,掌中宝
蜜辣烤翅,1226,蜜辣-烤-翅,蜜辣-烤-翅
嫩肉,1222,嫩肉,嫩肉
红烧牛肉面,1216,红烧-牛肉面,红烧-牛肉面
金牌烤鸭,1213,金牌-烤鸭,金牌-烤鸭
雪梅娘,1213,雪梅娘,雪梅娘
胡桃里烤鸡,1212,胡桃-里-烤鸡,胡桃-里-烤鸡
炸腐皮,1211,炸腐皮,炸腐皮
老醋蛰头,1208,老醋-蛰头,老醋-蛰头
杏仁豆腐,1207,杏仁豆腐,杏仁-豆腐
疙瘩汤,1201,疙瘩汤,疙瘩汤
蒜蓉粉丝蒸扇贝,1193,蒜蓉-粉丝-蒸-扇贝,蒜蓉-粉丝-蒸-扇贝
薯条,1190,薯条,薯条
牛肉粒,1187,牛肉-粒,牛肉-粒
椒盐九肚鱼,1183,椒盐-九肚鱼,椒盐-九肚鱼
金牌烧鹅,1183,金牌-烧鹅,金牌-烧鹅
烧烤,1177,烧烤,烧烤
熏鲳鱼,1173,熏-鲳鱼,熏-鲳鱼
凉皮,1168,凉皮,凉皮
娜帕里勇,1168,娜-帕里-勇,娜-帕里-勇
珊瑚虾,1166,珊瑚-虾,珊瑚-虾
烧排骨,1165,烧-排骨,烧-排骨
冬阴功海鲜清汤,1161,冬阴功-海鲜-清汤,冬阴功-海鲜-清汤
酱鸭头,1156,酱鸭-头,酱鸭-头
黑三剁,1152,黑三-剁,黑-三剁
铁勺凤爪,1143,铁勺-凤爪,铁勺-凤爪
鸡蛋仔,1141,鸡蛋-仔,鸡蛋-仔
食神咖喱牛腩,1138,食神-咖喱-牛腩,食神-咖喱-牛腩
汉家果木烤鸭,1134,汉家-果木-烤鸭,汉家-果木-烤鸭
一桶豆腐,1131,一桶-豆腐,一桶-豆腐
金牌虾饺皇,1130,金牌-虾饺-皇,金牌-虾饺-皇
香芒大虾沙律,1130,香芒-大虾-沙律,香芒-大虾-沙律
全聚德烤鸭,1129,全聚德-烤鸭,全聚德-烤鸭
咖喱皇大虾,1127,咖喱-皇-大虾,咖喱-皇-大虾
它似蜜,1124,它-似蜜,它-似蜜
帝王蟹,1122,帝王-蟹,帝王-蟹
香肴肉,1122,香肴-肉,香肴-肉
糯米糖藕,1106,糯米-糖-藕,糯米-糖-藕
鸡丝凉米线,1106,鸡丝-凉-米线,鸡丝-凉-米线
奇妙虾球,1103,奇妙-虾球,奇妙-虾球
糖油粑粑,1101,糖油-粑-粑,糖油-粑粑
手抓羊肉,1100,手-抓-羊肉,手-抓-羊肉
杭州熏鱼,1098,杭州-熏鱼,杭州-熏鱼
酥皮奶油蘑菇汤,1098,酥皮-奶油-蘑菇-汤,酥皮-奶油-蘑菇-汤
甜蜜蜜,1091,甜蜜蜜,甜蜜蜜
芝士蛋糕,1090,芝士-蛋糕,芝士-蛋糕
脑花,1089,脑花,脑花
黄油烤红薯,1087,黄油-烤红薯,黄油-烤红薯
炸豆皮,1086,炸豆皮,炸豆皮
番茄锅底,1086,番茄-锅底,番茄-锅底
油条,1084,油条,油条
卤煮火烧,1082,卤-煮-火烧,卤-煮-火烧
金网脆皮虾肠粉,1082,金网-脆皮-虾-肠粉,金网-脆皮-虾-肠粉
包子,1078,包子,包子
你没吃过我的豆腐,1076,你-没吃过-我-的-豆腐,没吃过-豆腐
寿司,1075,寿司,寿司
蟹黄饺子,1075,蟹黄-饺子,蟹黄-饺子
铁板茄子,1074,铁板-茄子,铁板-茄子
烤羊肉串,1066,烤羊肉串,烤羊肉串
秘制嫩牛肉,1056,秘制-嫩-牛肉,秘制-嫩-牛肉
雪媚娘,1055,雪媚娘,雪媚娘
桂花糖芋苗,1046,桂花-糖芋-苗,桂花-糖芋-苗
小炒黄牛肉,1044,小炒-黄-牛肉,小炒-黄-牛肉
珍宝辣椒蟹,1043,珍宝-辣椒-蟹,珍宝-辣椒-蟹
陈皮骨,1035,陈皮骨,陈皮骨
干锅茶树菇,1032,干锅-茶树菇,干锅-茶树菇
葱焖虾,1027,葱-焖-虾,葱-焖-虾
三鲜包,1026,三鲜-包,三鲜-包
有机花菜,1023,有机-花菜,有机-花菜
口水鲶鱼,1021,口水-鲶鱼,口水-鲶鱼
蟹粉蛋,1021,蟹粉-蛋,蟹粉-蛋
印度飞饼,1019,印度-飞饼,印度-飞饼
爆肚,1017,爆肚,爆肚
沙田乳鸽,1015,沙田-乳鸽,沙田-乳鸽
虾仁,1012,虾仁,虾仁
烤牛肉,1008,烤牛肉,烤牛肉
销魂钢管鸡,1002,销魂-钢管-鸡,销魂-钢管-鸡
干烧鳝段,1001,干烧鳝-段,干烧鳝-段
串串虾,998,串串-虾,串串-虾
咖喱鱼蛋,994,咖喱-鱼蛋,咖喱-鱼蛋
局气酥皮虾,994,局气-酥皮-虾,局气-酥皮-虾
芒果粒三文鱼,993,芒果-粒-三文鱼,芒果-粒-三文鱼
香锅牛蛙,993,香锅-牛蛙,香锅-牛蛙
烤翅,992,烤-翅,烤-翅
羊汤,992,羊汤,羊汤
咖喱面包鸡,990,咖喱-面包-鸡,咖喱-面包-鸡
金枪鱼沙拉,990,金枪鱼-沙拉,金枪鱼-沙拉
樱桃鹅肝,986,樱桃-鹅-肝,樱桃-鹅-肝
至尊系列pizza,982,至尊-系列-pizza,至尊-系列-披萨
鸳鸯锅,982,鸳鸯锅,鸳鸯锅
糯米排骨,981,糯米-排骨,糯米-排骨
烤银鳕鱼,980,烤-银-鳕鱼,烤-银-鳕鱼
干煸鱿鱼须,979,干-煸-鱿鱼-须,干-煸-鱿鱼-须
金沙红米c,979,金沙-红米c,金沙-红米c
民间烤枣馍,974,民间-烤枣-馍,民间-烤枣-馍
鸭四宝,973,鸭四宝,鸭四宝
臭桂鱼,972,臭-桂鱼,臭-桂鱼
龙虾泡饭,971,龙虾-泡饭,龙虾-泡饭
红油抄手,969,红油-抄手,红油-抄手
黄豆猪脚汤,969,黄豆-猪脚-汤,黄豆-猪脚-汤
海南鸡饭,968,海南-鸡饭,海南-鸡饭
熏排骨,965,熏-排骨,熏-排骨
虾肉小笼,964,虾肉-小笼,虾肉-小笼
碧玉妆成,961,碧玉-妆成,碧玉-妆成
西多士,961,西多士,西多士
榴莲比萨,957,榴莲-比萨,榴莲-比萨
法式香煎鹅肝沙拉,954,法式-香煎鹅肝-沙拉,法式-香煎鹅肝-沙拉
猪油捞饭,954,猪油-捞饭,猪油-捞饭
卤鸡爪,951,卤鸡-爪,卤鸡-爪
干锅土豆片,948,干锅-土豆片,干锅-土豆片
椒盐鸭架,948,椒盐-鸭架,椒盐-鸭架
麻豆腐,944,麻豆腐,麻豆腐
粉蒸肉,943,粉蒸肉,粉蒸肉
锅边馍,943,锅边-馍,锅边-馍
黑椒牛仔粒,942,黑椒-牛仔-粒,黑椒-牛仔-粒
鲜虾云吞面,940,鲜虾-云吞面,鲜虾-云吞面
千叶豆腐,939,千叶-豆腐,千叶-豆腐
重庆小面,939,重庆-小面,重庆-小面
排骨,932,排骨,排骨
无锡排骨,932,无锡-排骨,无锡-排骨
黑椒土豆泥,931,黑椒-土豆泥,黑椒-土豆泥
双椒鱼头,928,双椒-鱼头,双椒-鱼头
甘薯烤盘披萨,928,甘薯-烤盘-披萨,甘薯-烤盘-披萨
莜面鱼鱼,926,莜面-鱼鱼,莜面-鱼鱼
老醋茼蒿,925,老醋-茼蒿,老醋-茼蒿
鲜毛肚,923,鲜-毛肚,鲜-毛肚
披萨,915,披萨,披萨
豆汤豌豆苗,914,豆汤-豌豆苗,豆汤-豌豆苗
局气炒饭,910,局气-炒饭,局气-炒饭
过油肉,909,过油肉,过油肉
椒盐龙头烤,906,椒盐-龙头-烤,椒盐-龙头-烤
三凤桥排骨,904,三凤桥-排骨,三凤桥-排骨
干煎带鱼,902,干-煎-带鱼,干-煎-带鱼
拾味骨汤,902,拾味骨-汤,拾味骨-汤
pizza,901,pizza,披萨
酒香草头,900,酒香-草头,酒香-草头
烧味双拼,897,烧味-双拼,烧味-双拼
烧鸡,896,烧鸡,烧鸡
现制熏鲳鱼,893,现制-熏-鲳鱼,现制-熏-鲳鱼
酱鸭,891,酱鸭,酱鸭
海鲜超市,888,海鲜-超市,海鲜-超市
六秒涮鱼片组合,886,六秒-涮-鱼片-组合,六秒-涮-鱼片-组合
猪仔包,886,猪仔-包,猪仔-包
巴蜀牛肉,885,巴蜀-牛肉,巴蜀-牛肉
鹿儿岛猪软骨,884,鹿儿岛-猪-软骨,鹿儿岛-猪-软骨
香肠,883,香肠,香肠
脆嫩毛肚,881,脆嫩-毛肚,脆嫩-毛肚
酥皮蘑菇汤,879,酥皮-蘑菇-汤,酥皮-蘑菇-汤
鲍汁蔬菜豆腐,879,鲍汁-蔬菜-豆腐,鲍汁-蔬菜-豆腐
炸馒头片,877,炸-馒头-片,炸-馒头-片
豆豉烤鱼,874,豆豉-烤鱼,豆豉-烤鱼
豆腐脑花,871,豆腐脑-花,豆腐脑-花
豆皮,870,豆皮,豆皮
盐h乳鸽,868,盐-h-乳鸽,盐-h-乳鸽
牛扒,867,牛扒,牛扒
水爆肚,862,水-爆肚,水-爆肚
馄饨,859,馄饨,馄饨
春饼,856,春饼,春饼
藕片,856,藕片,藕片
密制串烧虾,855,密制-串烧-虾,密制-串烧-虾
西贝面筋,855,西贝-面筋,西贝-面筋
九转肥肠,854,九转-肥肠,九转-肥肠
猪蹄,853,猪蹄,猪蹄
巧拌豆苗,852,巧拌-豆苗,巧拌-豆苗
麻辣烤鱼,852,麻辣-烤鱼,麻辣-烤鱼
大煮干丝,851,大煮-干丝,大煮-干丝
心太软,849,心-太软,心-太软
猪肉包,849,猪肉-包,猪肉-包
红豆粥,842,红豆-粥,红豆-粥
三色豆泥,839,三色-豆-泥,三色-豆-泥
泰皇炒饭,838,泰皇-炒饭,泰皇-炒饭
松鼠鱼,837,松鼠鱼,松鼠鱼
武大郎烧饼,837,武大郎-烧饼,武大郎-烧饼
鸭血粉丝,837,鸭血-粉丝,鸭血-粉丝
酱油白米虾,836,酱油-白米-虾,酱油-白米-虾
芥末虾球,835,芥末-虾球,芥末-虾球
豆皮刷牛肚,835,豆皮刷-牛肚,豆皮刷-牛肚
蒸虾,834,蒸虾,蒸虾
糖醋鲤鱼,832,糖醋-鲤鱼,糖醋-鲤鱼
鱼丸,828,鱼丸,鱼丸
梅干菜烧肉,826,梅干菜-烧肉,梅干菜-烧肉
盐烤大虾,825,盐-烤-大虾,盐-烤-大虾
葱油拌面,825,葱油-拌面,葱油-拌面
干贝排骨粥,822,干贝-排骨-粥,干贝-排骨-粥
冬荫功汤,821,冬荫功-汤,冬荫功-汤
窑烤面包,821,窑-烤面包,窑-烤面包
芝士h红薯,821,芝士-h-红薯,芝士-h-红薯
一桶虾,819,一桶-虾,一桶-虾
烤扇贝,818,烤-扇贝,烤-扇贝
酥肉,818,酥-肉,酥-肉
金牌红烧肉,818,金牌-红烧肉,金牌-红烧肉
土豆沙拉,816,土豆-沙拉,土豆-沙拉
汤丝螺,816,汤丝螺,汤丝螺
白糖糕,814,白糖-糕,白糖-糕
烟熏三文鱼,812,烟熏-三文鱼,烟熏-三文鱼
招牌肉蟹煲,809,招牌-肉蟹-煲,招牌-肉蟹-煲
外婆神仙鸡,808,外婆-神仙-鸡,外婆-神仙-鸡
允指鸡爪,806,允指-鸡爪,允指-鸡爪
大虾,806,大虾,大虾
冬阴功虾汤,804,冬阴功-虾-汤,冬阴功-虾-汤
客家酿豆腐,802,客家-酿-豆腐,客家-酿-豆腐
石烤虾,801,石烤-虾,石烤-虾
蚝仔烙,797,蚝-仔-烙,蚝-仔-烙
烤金针菇,796,烤-金针菇,烤-金针菇
牛油锅底,796,牛油-锅底,牛油-锅底
番茄烤翅,796,番茄-烤-翅,番茄-烤-翅
越南春卷,795,越南-春卷,越南-春卷
鞋底饼,795,鞋底-饼,鞋底-饼
西施玉米,791,西施-玉米,西施-玉米
烤玉米,790,烤-玉米,烤-玉米
百岁奶豆腐,789,百岁-奶豆腐,百岁-奶豆腐
过桥米线,787,过桥米线,过桥米线
帝王蟹脚,786,帝王-蟹-脚,帝王-蟹-脚
传香兔腿,784,传香-兔-腿,传香-兔-腿
酸菜鲈鱼,783,酸菜-鲈鱼,酸菜-鲈鱼
麦片虾,783,麦片-虾,麦片-虾
果木泥烤叫花鸡,780,果木-泥-烤-叫-花鸡,果木-泥-烤-叫-花鸡
酱羊骨,780,酱-羊骨,酱-羊骨
风味辣子猪手,769,风味-辣子-猪手,风味-辣子-猪手
咸蛋黄h南瓜,767,咸蛋-黄-h-南瓜,咸蛋-黄-h-南瓜
盐水鸭,766,盐水鸭,盐水鸭
捞面,765,捞面,捞面
银鱼莼菜汤,765,银鱼-莼菜-汤,银鱼-莼菜-汤
斑鱼,763,斑鱼,斑鱼
芒果大虾沙律,762,芒果-大虾-沙律,芒果-大虾-沙律
蟹脚,762,蟹-脚,蟹-脚
菩提香袋,761,菩提-香袋,菩提-香袋
臭鳜鱼,760,臭-鳜鱼,臭-鳜鱼
蜂窝煤,759,蜂窝煤,蜂窝煤
醋椒豆腐,759,醋椒-豆腐,醋椒-豆腐
老满饺子,758,老满-饺子,老满-饺子
爆酱榴莲包,756,爆酱-榴莲-包,爆酱-榴莲-包
蒜蓉扇贝,756,蒜蓉-扇贝,蒜蓉-扇贝
金牌蒜香骨,756,金牌-蒜-香骨,金牌-蒜-香骨
南瓜粥,755,南瓜-粥,南瓜-粥
酱骨,755,酱骨,酱骨
焦溜丸子,754,焦溜-丸子,焦溜-丸子
牛筋丸,754,牛筋-丸,牛筋-丸
招牌盐水鸭,751,招牌-盐水鸭,招牌-盐水鸭
菌菇豆腐,750,菌菇-豆腐,菌菇-豆腐
香草烤三黄鸡,750,香草-烤-三黄鸡,香草-烤-三黄鸡
涮羊肉,746,涮羊肉,涮羊肉
碳烤猪颈肉,745,碳-烤-猪-颈-肉,碳-烤-猪-颈-肉
蒜泥白肉,743,蒜泥-白肉,蒜泥-白肉
虾生,743,虾生,虾生
鸭舌,743,鸭舌,鸭舌
猪肉三鲜饺子,742,猪肉-三鲜-饺子,猪肉-三鲜-饺子
牛气冲天,740,牛气-冲天,牛气-冲天
酒酿圆子,739,酒酿-圆子,酒酿-圆子
松露野菌饺,737,松露-野菌-饺,松露-野菌-饺
北极贝,736,北极-贝,北极-贝
糟溜鱼片,736,糟溜-鱼片,糟溜-鱼片
斑鱼片,735,斑鱼-片,斑鱼-片
麻辣豆腐,734,麻辣-豆腐,麻辣-豆腐
芳香排骨,732,芳香-排骨,芳香-排骨
烤包子,731,烤-包子,烤-包子
兔爷土豆泥,729,兔爷-土豆泥,兔爷-土豆泥
宫保鳕鱼粒,729,宫保-鳕鱼-粒,宫保-鳕鱼-粒
烤茄子,729,烤-茄子,烤-茄子
麻球,728,麻球,麻球
北京味的鸭馅饼,727,北京-味-的-鸭-馅饼,北京味-鸭-馅饼
新疆大盘鸡,727,新疆-大盘鸡,新疆-大盘鸡
酱棒骨,724,酱棒骨,酱棒骨
大麻球,721,大麻-球,大麻-球
兰州酿皮,718,兰州-酿皮,兰州-酿皮
椰子饭,718,椰子-饭,椰子-饭
烤脑花,717,烤-脑花,烤-脑花
拉皮,715,拉皮,拉皮
豆花,715,豆花,豆花
泉水鸡,711,泉水-鸡,泉水-鸡
顺风虾饺皇,710,顺风-虾饺-皇,顺风-虾饺-皇
乌鸡卷,709,乌鸡-卷,乌鸡-卷
清汤狮子头,709,清汤-狮子头,清汤-狮子头
酥皮h牛肝菌春鸡,709,酥皮-h-牛肝菌-春鸡,酥皮-h-牛肝菌-春鸡
瓦罐汤,708,瓦罐-汤,瓦罐-汤
妈妈蛋蒸肉,707,妈妈-蛋-蒸肉,妈妈-蛋-蒸肉
椒盐鸭舌,706,椒盐-鸭舌,椒盐-鸭舌
非一般鲈鱼,706,非-一般-鲈鱼,非-一般-鲈鱼
漂亮的虾球,704,漂亮-的-虾球,漂亮-的-虾球
潮汕炸腐皮,701,潮汕-炸腐皮,潮汕-炸腐皮
费尼经典汉堡,700,费尼-经典-汉堡,费尼-经典-汉堡
Uncle烤鸡翅,699,Uncle-烤鸡-翅,Uncle-烤鸡-翅
排骨藕汤,699,排骨-藕-汤,排骨-藕-汤
清蒸多宝鱼,699,清蒸-多宝鱼,清蒸-多宝鱼
烤馒头,699,烤-馒头,烤-馒头
元宝虾,697,元宝-虾,元宝-虾
上汤菠菜,696,上-汤-菠菜,上-汤-菠菜
羊肉汤,696,羊肉汤,羊肉汤
梭边鱼,695,梭边-鱼,梭边-鱼
烤培根卷牛里脊,695,烤-培根-卷-牛-里脊,烤-培根-卷-牛-里脊
鸡脆骨,695,鸡-脆骨,鸡-脆骨
宽粉,694,宽粉,宽粉
杀猪菜,693,杀猪-菜,杀猪-菜
石锅豆腐,693,石锅-豆腐,石锅-豆腐
胡椒猪肚鸡,693,胡椒-猪肚-鸡,胡椒-猪肚-鸡
虾球,693,虾球,虾球
水晶虾饺,691,水晶-虾饺,水晶-虾饺
酱油炒饭,691,酱油-炒饭,酱油-炒饭
排骨年糕,688,排骨-年糕,排骨-年糕
鸡鸣汤包,687,鸡鸣-汤包,鸡鸣-汤包
妈妈熏骨,684,妈妈-熏骨,妈妈-熏骨
老潮州肉骨茶,684,老-潮州-肉骨-茶,老-潮州-肉骨-茶
德州扒鸡,683,德州-扒鸡,德州-扒鸡
意大利面,682,意大利-面,意大利-面
美龄粥,682,美龄-粥,美龄-粥
开门红,681,开门红,开门红
鱼头汤,680,鱼头汤,鱼头汤
鹿肉,680,鹿肉,鹿肉
酱脊骨,679,酱-脊骨,酱-脊骨
金牌水煮鱼,679,金牌-水煮鱼,金牌-水煮鱼
冰粉,678,冰粉,冰粉
全鱼火锅,677,全鱼-火锅,全鱼-火锅
小桥鱼面,677,小桥-鱼面,小桥-鱼面
招牌鲈鱼,677,招牌-鲈鱼,招牌-鲈鱼
炸鸡腿,677,炸鸡腿,炸鸡腿
椒盐排骨,676,椒盐-排骨,椒盐-排骨
老上海葱油鸡,675,老-上海-葱油鸡,老-上海-葱油鸡
冻深海蟹钳,674,冻-深海-蟹-钳,冻-深海-蟹-钳
原味汽锅鸡,673,原味-汽锅-鸡,原味-汽锅-鸡
老坛剁椒鱼头,668,老坛-剁-椒-鱼头,老坛-剁椒-鱼头
培根,667,培根,培根
蟹肉意面,667,蟹肉-意-面,蟹肉-意-面
酒酿赤豆小元宵,667,酒酿-赤豆-小-元宵,酒酿-赤豆-小-元宵
九尺鹅肠,666,九尺-鹅肠,九尺-鹅肠
烤羊棒,665,烤羊-棒,烤羊-棒
蛋糕,665,蛋糕,蛋糕
化皮烧肉,662,化皮-烧肉,化皮-烧肉
绿茶桂花糕,662,绿茶-桂花-糕,绿茶-桂花-糕
羊杂汤,662,羊杂-汤,羊杂-汤
干煸四季豆,661,干-煸-四季豆,干煸-四季豆
有机沙拉吧,661,有机-沙拉-吧,有机-沙拉-吧
芝士h番薯,661,芝士-h-番薯,芝士-h-番薯
功德冬菜包,660,功德-冬菜-包,功德-冬菜-包
汤包,659,汤包,汤包
飘香排骨,659,飘香-排骨,飘香-排骨
拔丝地瓜,657,拔丝-地瓜,拔丝-地瓜
极品肥牛,657,极品-肥牛,极品-肥牛
果木烤安格斯牛扒,657,果木-烤-安格斯-牛扒,果木-烤-安格斯-牛扒
素颜烤鱼,657,素颜-烤鱼,素颜-烤鱼
蚵仔煎,657,蚵-仔-煎,蚵-仔-煎
爸爸炒饭,655,爸爸-炒饭,爸爸-炒饭
咖哩虾,654,咖哩-虾,咖哩-虾
蜜汁鸡翅,654,蜜汁-鸡翅,蜜汁-鸡翅
酱皇蒸凤爪,654,酱-皇蒸-凤爪,酱-皇蒸-凤爪
炝锅鱼,652,炝-锅-鱼,炝-锅-鱼
酥不腻烤鸭,651,酥-不腻-烤鸭,酥-不腻-烤鸭
铁板蛏子,649,铁板-蛏子,铁板-蛏子
酸辣蕨根粉,648,酸辣-蕨-根粉,酸辣-蕨根-粉
土豆丝,644,土豆丝,土豆丝
热干面,643,热干面,热干面
六秒涮墨鱼片,641,六秒-涮-墨鱼-片,六秒-涮-墨鱼-片
老火汤,641,老火-汤,老火-汤
豆腐皮,641,豆腐皮,豆腐皮
泼辣鱼,638,泼辣-鱼,泼辣-鱼
鸡油饭,637,鸡-油饭,鸡-油饭
肉沫烧饼,636,肉沫-烧饼,肉沫-烧饼
菌王奇香锅,636,菌-王奇-香锅,菌-王奇-香锅
蓝莓土豆泥,635,蓝莓-土豆泥,蓝莓-土豆泥
高炉烧饼,635,高炉-烧饼,高炉-烧饼
冷面,633,冷面,冷面
盐h鸡,633,盐h鸡,盐h鸡
泰式虾饼,632,泰式-虾饼,泰式-虾饼
沙拉吧,631,沙拉-吧,沙拉-吧
辣得跳,631,辣得-跳,辣得-跳
红烧牛尾,630,红烧-牛尾,红烧-牛尾
水煮牛肉,628,水煮-牛肉,水煮-牛肉
肉骨茶,628,肉骨-茶,肉骨-茶
口味牛蛙,627,口味-牛蛙,口味-牛蛙
桃花虾,627,桃花-虾,桃花-虾
花螺,627,花螺,花螺
西府一口香,627,西府-一口-香,西府-一口-香
乌鱼蛋汤,626,乌鱼蛋-汤,乌鱼蛋-汤
涮牛肚,626,涮-牛肚,涮-牛肚
金汤煨凤爪,626,金汤-煨-凤爪,金汤-煨-凤爪
小锅米线,625,小锅-米线,小锅-米线
毛氏红烧肉,625,毛氏-红烧肉,毛氏-红烧肉
极品鹅肠,624,极品-鹅肠,极品-鹅肠
椒盐猪手,624,椒盐-猪手,椒盐-猪手
泰国冬阴功汤,623,泰国-冬阴功-汤,泰国-冬阴功-汤
蜜汁排骨串,622,蜜汁-排骨-串,蜜汁-排骨-串
双色鱼头,621,双色-鱼头,双色-鱼头
黄咖喱鸡,621,黄-咖喱鸡,黄-咖喱鸡
元贝粥底,617,元贝-粥-底,元贝-粥
响油鳝丝,617,响油鳝-丝,响油-鳝-丝
大骨煨萝卜,617,大骨-煨-萝卜,大骨-煨-萝卜
西贝大拌菜,617,西贝大拌-菜,西贝大拌-菜
东山羊,616,东-山羊,东-山羊
招牌乳鸽,616,招牌-乳鸽,招牌-乳鸽
松露酱帕尔马火腿披萨,616,松露-酱-帕尔马-火腿-披萨,松露-酱-帕尔马-火腿-披萨
老坑猪手,615,老坑-猪手,老坑-猪手
油焖笋,614,油焖-笋,油焖-笋
秘制汁酥皮虾,614,秘制-汁-酥皮-虾,秘制-汁-酥皮-虾
烤五花肉,613,烤-五花肉,烤-五花肉
猪肉三鲜,613,猪肉-三鲜,猪肉-三鲜
干贝虾蟹粥,611,干贝-虾-蟹-粥,干贝-虾-蟹-粥
手撕豆腐,609,手-撕-豆腐,手撕-豆腐
酥香嫩烤鸭,609,酥-香嫩-烤鸭,酥-香嫩-烤鸭
火焰玻璃片,606,火焰-玻璃片,火焰-玻璃片
波士顿龙虾,605,波士顿-龙虾,波士顿-龙虾
膏蟹粥,604,膏蟹-粥,膏蟹-粥
黑椒小牛排,600,黑椒-小-牛排,黑椒-小-牛排
烤薯皮,599,烤薯-皮,烤薯-皮
传统北京果木烤鸭,598,传统-北京-果木-烤鸭,传统-北京-果木-烤鸭
t米c,598,t米c,t米c
干炸带鱼,597,干炸-带鱼,干炸-带鱼
糙米饭,597,糙米饭,糙米饭
骨肉相连,597,骨肉相连,骨肉相连
大拉皮,596,大-拉皮,大-拉皮
濑尿虾,596,濑尿虾,濑尿虾
墨鱼饼,594,墨鱼-饼,墨鱼-饼
小土豆,593,小土豆,小土豆
鲍鱼牛腩金汤面,590,鲍鱼-牛腩-金汤-面,鲍鱼-牛腩-金汤-面
窑烤秘制翅中,584,窑-烤-秘制-翅-中,窑-烤-秘制-翅-中
回锅肉,583,回锅肉,回锅肉
火焰土豆泥,581,火焰-土豆泥,火焰-土豆泥
肘子,580,肘子,肘子
蟹黄豆花,579,蟹黄-豆花,蟹黄-豆花
芝麻火烧,578,芝麻-火烧,芝麻-火烧
三鲜豆皮,577,三鲜-豆皮,三鲜-豆皮
活体豆苗,577,活体-豆苗,活体-豆苗
铁锅靠大鹅,577,铁锅-靠大鹅,铁锅-靠大鹅
晾干白肉,576,晾干-白肉,晾干-白肉
外婆花菜,575,外婆-花菜,外婆-花菜
街头拇指水煎包,575,街头-拇指-水煎包,街头-拇指-水煎包
大棒骨,574,大棒-骨,大棒-骨
密制腐乳鸭,574,密制-腐乳-鸭,密制-腐乳-鸭
麻麻鱼,573,麻麻-鱼,麻麻-鱼
皮皮虾,572,皮皮虾,皮皮虾
靓靓蒸虾,570,靓靓-蒸-虾,靓靓-蒸-虾
椒盐虾虎,568,椒盐-虾-虎,椒盐-虾-虎
经典BBQ牛肉汉堡,568,经典-BBQ-牛肉-汉堡,经典-BBQ-牛肉-汉堡
老上海熏鱼,568,老-上海-熏鱼,老-上海-熏鱼
闫府第一福,568,闫府-第一-福,闫府-第一-福
雪花肥牛,567,雪花-肥牛,雪花-肥牛
牛舌,565,牛舌,牛舌
老式锅包肉,565,老式-锅包肉,老式-锅包肉
蒜蓉蒸扇贝,564,蒜蓉-蒸-扇贝,蒜蓉-蒸-扇贝
干锅有机花菜,563,干锅-有机-花菜,干锅-有机-花菜
三鲜饺子,561,三鲜-饺子,三鲜-饺子
来自星星的炸鸡,561,来自-星星-的-炸鸡,来自星星的-炸鸡
椒盐茶树菇,561,椒盐-茶树菇,椒盐-茶树菇
湛江鸡,561,湛江-鸡,湛江-鸡
烧味,560,烧味,烧味
烤兔腿,558,烤-兔-腿,烤-兔-腿
一品赛蟹黄,557,一品-赛-蟹黄,一品-蟹-黄
八旗茄子,557,八旗-茄子,八旗-茄子
黑椒墨玉,557,黑椒-墨玉,黑椒-墨玉
烤猪蹄,556,烤-猪蹄,烤-猪蹄
莲藕排骨汤,556,莲藕-排骨汤,莲藕-排骨汤
青咖喱,556,青-咖喱,青-咖喱
京城的茄子,555,京城-的-茄子,京城-的-茄子
耙泥鳅,554,耙-泥鳅,耙-泥鳅
凉米线,553,凉-米线,凉-米线
纠结的大饼,553,纠结-的-大饼,纠结-的-大饼
冰窖凉浸带鱼,552,冰窖-凉浸-带鱼,冰窖-凉浸-带鱼
白切鸡,552,白切-鸡,白切-鸡
蒜茸扇贝,552,蒜-茸-扇贝,蒜-茸-扇贝
百合酱凤爪,551,百合-酱-凤爪,百合-酱-凤爪
黄瓜沾酱,551,黄瓜-沾酱,黄瓜-沾酱
现炸酥肉,550,现炸-酥-肉,现炸-酥-肉
酸菜鱼锅,550,酸菜鱼-锅,酸菜鱼-锅
比萨,549,比萨,比萨
煲汤,549,煲汤,煲汤
白脱小球,549,白脱-小球,白脱-小球
眼睛螺炒四角豆,549,眼睛-螺-炒-四角-豆,眼睛-螺-炒-四角-豆
美极鲜虾滑,549,美极-鲜虾-滑,美极-鲜虾-滑
石锅鱼,548,石锅-鱼,石锅-鱼
赤豆元宵,548,赤豆-元宵,赤豆-元宵
花生酱双层牛肉煲,547,花生酱-双层-牛肉-煲,花生酱-双层-牛肉-煲
酸菜,547,酸菜,酸菜
鸡丝荞面,546,鸡丝-荞面,鸡丝-荞面
大漠烤羊排,545,大漠-烤羊-排,大漠-烤羊-排
鹅掌粉丝煲,545,鹅掌-粉丝-煲,鹅掌-粉丝-煲
黑胡椒牛肉粒,545,黑胡椒-牛肉-粒,黑胡椒-牛肉-粒
十三幺,544,十三幺,十三幺
泡饼,544,泡饼,泡饼
烩面,543,烩面,烩面
棉花糖拉利玛科罗娜,542,棉花-糖拉利玛-科罗娜,棉花-糖拉利玛-科罗娜
西红柿炒鸡蛋,542,西红柿-炒鸡蛋,西红柿-炒鸡蛋
酸汤乌江鱼,542,酸-汤-乌江-鱼,酸-汤-乌江-鱼
随缘解馋,542,随缘-解馋,随缘-解馋
担仔面,541,担仔面,担仔面
风味茄条,541,风味-茄条,风味-茄条
烤麸,540,烤麸,烤麸
酸辣笋尖,540,酸辣-笋尖,酸辣-笋尖
花厨水,538,花-厨水,花-厨水
金牌麻婆豆腐,536,金牌-麻婆豆腐,金牌-麻婆豆腐
鸭头,535,鸭头,鸭头
越南手卷,534,越南-手卷,越南-手卷
面包,533,面包,面包
鸭下巴,533,鸭-下巴,鸭-下巴
xo酱萝卜糕,532,xo-酱-萝卜-糕,xo-酱-萝卜-糕
活虾,532,活虾,活虾
馋嘴江团,532,馋嘴-江团,馋嘴-江团
龙虾仔,531,龙虾-仔,龙虾-仔
五花趾,529,五花-趾,五花-趾
九格甜品,528,九格-甜品,九格-甜品
糖粥,528,糖-粥,糖-粥
肉饼,527,肉饼,肉饼
金包咖喱鸡,527,金包-咖喱鸡,金包-咖喱鸡
鸡蓉蘑菇汤,527,鸡蓉-蘑菇-汤,鸡蓉-蘑菇-汤
鹌鹑蛋,527,鹌鹑蛋,鹌鹑蛋
斗牛士披萨,526,斗牛士-披萨,斗牛士-披萨
盗汗鸡,526,盗汗-鸡,盗汗-鸡
金针菇牛肉卷,526,金针菇-牛肉-卷,金针菇-牛肉-卷
山水豆腐,525,山水-豆腐,山水-豆腐
招牌酱爆豆角,525,招牌-酱-爆-豆角,招牌-酱爆-豆角
经典考伯色拉,524,经典-考伯-色拉,经典-考伯-色拉
杨府招牌鱼,522,杨府-招牌-鱼,杨府-招牌-鱼
石锅海胆豆腐,522,石锅-海胆-豆腐,石锅-海胆-豆腐
鳕鱼,522,鳕鱼,鳕鱼
同庆小笼包,520,同庆-小笼包,同庆-小笼包
糟熘鱼片,520,糟-熘鱼片,糟-熘鱼片
芫爆散丹,520,芫-爆散丹,芫-爆散丹
蒜香龙虾,520,蒜-香-龙虾,蒜-香-龙虾
风味茄子,520,风味-茄子,风味-茄子
酱爆洋白菜,519,酱-爆-洋白菜,酱爆-洋白菜
十里香牛肉,518,十里香-牛肉,十里香-牛肉
宫保鸡丁披萨,517,宫保鸡-丁-披萨,宫保-鸡丁-披萨
炒花蛤,517,炒花-蛤,炒花-蛤
盐酥鸡,517,盐-酥-鸡,盐-酥-鸡
松子烤鸭烧卖,516,松子-烤鸭-烧卖,松子-烤鸭-烧卖
烤鸭三吃,516,烤鸭-三-吃,烤鸭-三-吃
天鹅叉烧酥,515,天鹅-叉烧-酥,天鹅-叉烧-酥
极品毛血旺,515,极品-毛血旺,极品-毛血旺
范家私房烤鸭,514,范家-私房-烤鸭,范家-私房-烤鸭
厦门炸醋肉,512,厦门-炸醋-肉,厦门-炸醋-肉
孜然羊肉,512,孜然-羊肉,孜然-羊肉
冷面鸡,510,冷面-鸡,冷面-鸡
海鲜粉丝沙拉,510,海鲜-粉丝-沙拉,海鲜-粉丝-沙拉
烤虾,510,烤-虾,烤-虾
砂锅莜面鱼鱼,510,砂锅-莜面-鱼鱼,砂锅-莜面-鱼鱼
葡挞,510,葡挞,葡挞
龙脂猪血,510,龙脂-猪血,龙脂-猪血
中8牌玖蘑菇,509,中-8-牌玖-蘑菇,中8牌玖-蘑菇
台湾虾面,509,台湾-虾面,台湾-虾面
酱爆鸡丁,509,酱-爆-鸡丁,酱爆-鸡丁
老鸭煲,508,老鸭-煲,老鸭-煲
青花椒鱼,508,青-花椒-鱼,青-花椒-鱼
老妈牛肉,507,老妈-牛肉,老妈-牛肉
菌汤,507,菌-汤,菌-汤
姐夫小炒肉,506,姐夫-小炒-肉,姐夫-小炒肉
口味虾,505,口味-虾,口味-虾
酱爆猪肝,505,酱-爆-猪肝,酱爆-猪肝
鳝鱼粉丝,505,鳝鱼-粉丝,鳝鱼-粉丝
本家盆盆菜,504,本家-盆-盆菜,本家-盆-盆菜
烤鲈鱼,503,烤-鲈鱼,烤-鲈鱼
脆皮烧乳鸽,503,脆皮-烧-乳鸽,脆皮-烧-乳鸽
蒜蓉粉底虾,503,蒜蓉-粉底-虾,蒜蓉-粉底-虾
鱼翅鲍鱼羹,503,鱼翅-鲍鱼-羹,鱼翅-鲍鱼-羹
吊炉烧饼,502,吊炉-烧饼,吊炉-烧饼
山药龙骨汤,502,山药-龙骨-汤,山药-龙骨-汤
羊肉卷,502,羊肉-卷,羊肉-卷
糖醋面筋,501,糖醋-面筋,糖醋-面筋
香辣猪蹄,500,香辣-猪蹄,香辣-猪蹄
葱油膏蟹,499,葱油-膏蟹,葱油-膏蟹
灌汤虾球,498,灌汤-虾球,灌汤-虾球
千叶豆腐煲,496,千叶-豆腐-煲,千叶-豆腐-煲
杭椒牛柳,496,杭椒-牛柳,杭椒-牛柳
椒盐濑尿虾,496,椒盐-濑尿虾,椒盐-濑尿虾
油炸臭豆腐,496,油炸-臭豆腐,油炸-臭豆腐
绿茶烤鱼,496,绿茶-烤鱼,绿茶-烤鱼
西域囊包肉,495,西域-囊-包肉,西域-锅包肉
上上签,494,上-上-签,上-上-签
牛肉拉面,494,牛肉-拉面,牛肉-拉面
牛肚王,493,牛肚-王,牛肚-王
药膳,493,药膳,药膳
麻香排骨,493,麻香-排骨,麻香-排骨
干烧鸭四宝,492,干-烧鸭-四宝,干-烧鸭-四宝
笃笃笃糖粥,492,笃笃-笃-糖-粥,笃笃-笃-糖-粥
蛏子,492,蛏子,蛏子
黑椒牛柳,492,黑椒-牛柳,黑椒-牛柳
荷叶酱肉,491,荷叶-酱肉,荷叶-酱肉
油旋,490,油旋,油旋
烤鸭套餐,490,烤鸭-套餐,烤鸭-套餐
蟹黄包,490,蟹黄-包,蟹黄-包
金酱蒸凤爪,490,金酱-蒸-凤爪,金酱-蒸-凤爪
肉燥饭,489,肉燥-饭,肉燥-饭
蒜茸粉丝虾,488,蒜-茸-粉丝-虾,蒜-茸-粉丝-虾
兔头,487,兔头,兔头
传统猪肉包,486,传统-猪肉-包,传统-猪肉-包
西施泡,486,西施-泡,西施-泡
鸭油包,486,鸭油包,鸭油包
铁锅羊肉,484,铁锅-羊肉,铁锅-羊肉
水笋,483,水笋,水笋
虾饼,482,虾饼,虾饼
蜜汁排骨,482,蜜汁-排骨,蜜汁-排骨
海鲜大咖,479,海鲜-大-咖,海鲜-大-咖
清蒸白鱼,479,清蒸-白鱼,清蒸-白鱼
班尼迪克蛋,478,班尼-迪克-蛋,班尼-迪克-蛋
石烹牛柳,477,石烹-牛柳,石烹-牛柳
鸡丝米线,476,鸡丝-米线,鸡丝-米线
斗碗鱼,475,斗碗-鱼,斗碗-鱼
雪山包,475,雪山-包,雪山-包
甜汁爆鲜虾,474,甜汁-爆-鲜虾,甜汁-爆-鲜虾
石锅鲍鱼,474,石锅-鲍鱼,石锅-鲍鱼
净云吞,473,净-云吞,净-云吞
招牌虾饺皇,473,招牌-虾饺-皇,招牌-虾饺-皇
烤了这只BB鸭,473,烤-了-这-只-BB-鸭,烤-BB-鸭
豆花烤鱼,473,豆花-烤鱼,豆花-烤鱼
炒合菜,472,炒合菜,炒合菜
秘制鲈鱼,472,秘制-鲈鱼,秘制-鲈鱼
紫砂红烧肉,472,紫砂-红烧肉,紫砂-红烧肉
泡椒牛蛙,471,泡椒-牛蛙,泡椒-牛蛙
老北京煨牛肉,471,老-北京-煨-牛肉,老-北京-煨-牛肉
密制小肘,470,密制-小肘,密制-小肘
炸馒头,470,炸-馒头,炸-馒头
萝卜糕,469,萝卜-糕,萝卜-糕
虎皮凤爪,469,虎皮-凤爪,虎皮-凤爪
劲爆牛肉丸,468,劲-爆-牛肉丸,劲-爆-牛肉丸
怡煲鹅掌粉丝煲,467,怡煲-鹅掌-粉丝-煲,怡煲-鹅掌-粉丝-煲
海鲜泡饭,467,海鲜-泡饭,海鲜-泡饭
三鲜水饺,466,三鲜-水饺,三鲜-水饺
眉州香肠,466,眉州-香肠,眉州-香肠
红葱头鸡,466,红-葱头-鸡,红-葱头-鸡
肉筋,466,肉筋,肉筋
土鸡汤,463,土-鸡汤,土-鸡汤
雪豆蹄花,463,雪豆蹄花,雪豆蹄花
培根土豆皮,462,培根-土豆皮,培根-土豆皮
紫阳蒸盆子,462,紫阳-蒸-盆子,紫阳-蒸-盆子
三角肉,461,三角-肉,三角-肉
爽口海草,461,爽口-海草,爽口-海草
元贝,460,元贝,元贝
干锅三素,459,干锅-三素,干锅-三素
炭烤猪颈肉,459,炭烤-猪-颈-肉,炭烤-猪-颈-肉
菠萝龟包包,459,菠萝-龟-包包,菠萝-龟-包包
金牌烤茄子,459,金牌-烤-茄子,金牌-烤-茄子
山楂鹅肝,458,山楂-鹅-肝,山楂-鹅-肝
豆腐脑,458,豆腐脑,豆腐脑
冬阴功锅底,457,冬阴功-锅底,冬阴功-锅底
招牌红烧肉,457,招牌-红烧肉,招牌-红烧肉
红烧舟山带鱼,457,红烧-舟山-带鱼,红烧-舟山-带鱼
鱿鱼酱油水,457,鱿鱼-酱油-水,鱿鱼-酱油-水
云杉泰皇豆腐,456,云杉-泰皇-豆腐,云杉-泰皇-豆腐
麻酱小料,456,麻酱-小料,麻酱-小料
瓦罐凤爪,455,瓦罐-凤爪,瓦罐-凤爪
番茄鱼,455,番茄-鱼,番茄-鱼
石烹雪花牛肉,455,石烹-雪花-牛肉,石烹-雪花-牛肉
多宝鱼,453,多宝鱼,多宝鱼
筋饼,452,筋饼,筋饼
大闸蟹,451,大闸蟹,大闸蟹
孜然羊肉串,451,孜然-羊肉串,孜然-羊肉串
蟹肉炖饭,451,蟹肉-炖-饭,蟹肉-炖-饭
蚝油牛肉,449,蚝油-牛肉,蚝油-牛肉
意面,448,意-面,意-面
黑椒牛排,448,黑椒-牛排,黑椒-牛排
石锅有机花菜,447,石锅-有机-花菜,石锅-有机-花菜
手撕鸡,446,手-撕-鸡,手-撕-鸡
椒盐蘑菇,446,椒盐-蘑菇,椒盐-蘑菇
海南鸡,446,海南-鸡,海南-鸡
土豆片,445,土豆片,土豆片
安妮披萨,445,安妮-披萨,安妮-披萨
干锅手撕包菜,445,干锅手-撕-包菜,干锅手-撕-包菜
猪肚鸡锅底,445,猪肚-鸡-锅底,猪肚-鸡-锅底
冬阴功鱼片,444,冬阴功-鱼片,冬阴功-鱼片
烧鸭,444,烧鸭,烧鸭
玫瑰松阪肉,443,玫瑰-松阪-肉,玫瑰-松阪-肉
酱牛肉,443,酱牛肉,酱牛肉
酸汤龙利鱼,443,酸-汤龙利鱼,酸-汤龙利鱼
南乳花蛤,442,南乳花-蛤,南乳花-蛤
石锅拌饭,441,石锅-拌-饭,石锅-拌-饭
豆腐,441,豆腐,豆腐
麻辣扇贝,441,麻辣-扇贝,麻辣-扇贝
烧卖,439,烧卖,烧卖
鹅掌,439,鹅掌,鹅掌
花旗参汤虾饺皇,438,花旗参-汤-虾饺-皇,花旗参-汤-虾饺-皇
上楼虾饺皇,437,上楼-虾饺-皇,上楼-虾饺-皇
外婆烤肉,437,外婆-烤肉,外婆-烤肉
招牌有滋有味鱼,436,招牌-有滋有味-鱼,招牌-有滋有味-鱼
芝士虾球,436,芝士-虾球,芝士-虾球
辣椒炒肉,436,辣椒-炒肉,辣椒-炒肉
黄咖喱牛腩,436,黄-咖喱-牛腩,黄-咖喱-牛腩
王府泡椒鸡,435,王府-泡椒-鸡,王府-泡椒-鸡
西域风情,435,西域-风情,西域-风情
铁板牛仔骨,434,铁板-牛仔-骨,铁板-牛仔-骨
弯弯鸡,433,弯弯-鸡,弯弯-鸡
禾风熏牛肉,433,禾-风熏-牛肉,禾-风熏-牛肉
顺风乳鸽,433,顺风-乳鸽,顺风-乳鸽
桂花糖藕,432,桂花-糖-藕,桂花-糖-藕
炸气饽饽,432,炸气-饽饽,炸气-饽饽
萝卜丸子,432,萝卜-丸子,萝卜-丸子
铁板鳕鱼,432,铁板-鳕鱼,铁板-鳕鱼
油豆皮,431,油豆皮,油豆皮
烟熏鲳鱼,431,烟熏-鲳鱼,烟熏-鲳鱼
脆皮蹄o,431,脆皮-蹄-o,脆皮-蹄-o
水煮小鱿鱼,430,水煮-小-鱿鱼,水煮-小-鱿鱼
渝利鸳鸯锅底,430,渝利-鸳鸯-锅底,渝利-鸳鸯-锅底
照烧三文鱼配椰香米饭,430,照烧-三文鱼-配椰香-米饭,照烧-三文鱼-配椰香-米饭
脖仁,430,脖仁,脖仁
蜜桃烤肉,429,蜜桃-烤肉,蜜桃-烤肉
莲白粉丝,428,莲白-粉丝,莲白-粉丝
东坡童子鸡,427,东坡-童子鸡,东坡-童子鸡
汤锅,427,汤锅,汤锅
碳烧猪排,427,碳烧-猪排,碳烧-猪排
铁板牛肉,427,铁板-牛肉,铁板-牛肉
吊烧鸡,426,吊-烧鸡,吊-烧鸡
梅汁翅中,425,梅汁-翅-中,梅汁-翅-中
鲍鱼捞饭,425,鲍鱼-捞饭,鲍鱼-捞饭
冰脆牛黄喉,423,冰脆-牛黄-喉,冰脆-牛黄-喉
烙饼卷带鱼,423,烙饼-卷-带鱼,烙饼-卷-带鱼
金丝虾球,423,金丝-虾球,金丝-虾球
上酱肥牛土豆泥,422,上酱-肥牛-土豆泥,上酱-肥牛-土豆泥
猪油拌饭,422,猪油-拌-饭,猪油-拌-饭
臊子面,422,臊子-面,臊子-面
龙利鱼,422,龙利鱼,龙利鱼
三峡石爆脆肠,421,三峡-石爆-脆肠,三峡-石爆-脆肠
例汤,421,例汤,例汤
那年秋天的茄子,421,那年-秋天-的-茄子,那年-秋天-的-茄子
陕西凉皮,421,陕西-凉皮,陕西-凉皮
松茸汤底,420,松茸-汤底,松茸-汤底
香辣美容猪蹄,420,香辣-美容-猪蹄,香辣-美容-猪蹄
云吞面,419,云吞面,云吞面
原味土猪汤,419,原味-土猪-汤,原味-土猪-汤
台式三杯鸡,418,台式-三杯-鸡,台式-三杯-鸡
赤豆羹,418,赤豆-羹,赤豆-羹
鲜虾芹菜丸,418,鲜虾-芹菜-丸,鲜虾-芹菜-丸
大赤包捉五魁,417,大赤-包捉-五魁,大赤-包捉-五魁
海鲜疙瘩汤,417,海鲜-疙瘩汤,海鲜-疙瘩汤
大明虾,416,大明-虾,大明-虾
青笋,415,青笋,青笋
气饽饽,414,气-饽饽,气-饽饽
鸡汁三丝羹,414,鸡汁-三丝-羹,鸡汁-三丝-羹
大酥牛肉,413,大-酥-牛肉,大-酥-牛肉
独面筋,413,独-面筋,独-面筋
串串香,412,串串香,串串香
建水豆腐,412,建-水豆腐,建-水豆腐
石锅凤爪,412,石锅-凤爪,石锅-凤爪
老鸭汤,412,老-鸭汤,老-鸭汤
r,412,r-,r-
墨西哥肉卷,410,墨西哥-肉卷,墨西哥-肉卷
御品和牛眼肉,410,御品-和-牛-眼肉,御品-和-牛-眼肉
糖蒜,410,糖蒜,糖蒜
范家义气羊肉串,410,范家-义气-羊肉串,范家-义气-羊肉串
黄桥烧饼,410,黄桥-烧饼,黄桥-烧饼
炝莲白,409,炝-莲白,炝-莲白
红柳羊肉串,409,红柳-羊肉串,红柳-羊肉串
蒜蓉粉丝虾,409,蒜蓉-粉丝-虾,蒜蓉-粉丝-虾
重庆豆花烤鱼,409,重庆-豆花-烤鱼,重庆-豆花-烤鱼
山楂老酒烧肉,408,山楂-老酒-烧肉,山楂-老酒-烧肉
牛油红锅,408,牛油-红锅,牛油-红锅
米豆腐,408,米-豆腐,米-豆腐
咖喱大虾,407,咖喱-大虾,咖喱-大虾
奇味虾,407,奇味-虾,奇味-虾
无骨鸭舌,407,无骨-鸭舌,无骨-鸭舌
火焰黑椒牛肉粒,407,火焰-黑椒-牛肉-粒,火焰-黑椒-牛肉-粒
干锅田鸡,406,干锅-田鸡,干锅-田鸡
金钱蛋,406,金钱-蛋,金钱-蛋
凉粉,405,凉粉,凉粉
妈妈香熏骨,405,妈妈-香熏-骨,妈妈-香熏-骨
椒盐大虾,405,椒盐-大虾,椒盐-大虾
一口炸豆腐,404,一口-炸豆腐,一口-炸豆腐
葱花饼,404,葱花饼,葱花饼
响铃芝士什菜虾卷,403,响铃-芝士-什菜-虾-卷,响铃-芝士-什菜-虾-卷
干锅花菜,403,干锅-花菜,干锅-花菜
麻辣鲜鱼片,403,麻辣-鲜鱼-片,麻辣-鲜鱼-片
毛蟹炒年糕,402,毛蟹-炒年糕,毛蟹-炒年糕
鱼豆花,402,鱼-豆花,鱼-豆花
黄河大鲤鱼,402,黄河-大-鲤鱼,黄河-大-鲤鱼
兔腰,401,兔腰,兔腰
水煮肉片,401,水煮-肉片,水煮-肉片
碳烤鱼,401,碳-烤鱼,碳-烤鱼
黑胡椒蟹,401,黑胡椒-蟹,黑胡椒-蟹
奇石咕噜鱼,400,奇石-咕噜-鱼,奇石-咕噜-鱼
免费凉菜,399,免费-凉菜,免费-凉菜
台湾香肠,399,台湾-香肠,台湾-香肠
年糕,399,年糕,年糕
绿茶烤鸡,399,绿茶-烤鸡,绿茶-烤鸡
骨头锅底,399,骨头-锅底,骨头-锅底
魔芋排骨,398,魔芋-排骨,魔芋-排骨
千丝牛杂,397,千丝-牛杂,千丝-牛杂
牛杂,397,牛杂,牛杂
牛百叶,397,牛-百叶,牛-百叶
关中一品素,396,关中-一品-素,关中-一品-素
红烧猪脚,396,红烧-猪脚,红烧-猪脚
一指禅,395,一指禅,一指禅
纸牌屋肋排,394,纸牌-屋肋排,纸牌-屋肋排
芝麻酱糖饼,394,芝麻酱-糖饼,芝麻酱-糖饼
荔枝柴烧鸡,394,荔枝-柴-烧鸡,荔枝-柴-烧鸡
面包片,394,面包片,面包片
炸豆腐,393,炸豆腐,炸豆腐
蘑菇汤,393,蘑菇-汤,蘑菇-汤
香港一品粥,393,香港-一品-粥,香港-一品-粥
烤筋,392,烤-筋,烤-筋
爆三样,392,爆-三样,爆-三样
外婆鱼,391,外婆-鱼,外婆-鱼
彩虹排骨,391,彩虹-排骨,彩虹-排骨
招牌素三样,391,招牌-素-三样,招牌-素-三样
柠檬鱼,391,柠檬-鱼,柠檬-鱼
董氏宫保虾,391,董氏-宫保-虾,董氏-宫保-虾
小米粥,390,小米粥,小米粥
老成都酸菜鱼,390,老-成都-酸菜鱼,老-成都-酸菜鱼
鸡汤,390,鸡汤,鸡汤
液氮青椒螺片,389,液氮-青椒-螺片,液氮-青椒-螺片
鸡毛菜,389,鸡毛-菜,鸡毛-菜
姑妈焖猪手,388,姑妈-焖-猪手,姑妈-焖-猪手
抓虾,388,抓虾,抓虾
火山石烧裙翅,388,火山石-烧裙-翅,火山石-烧裙-翅
糖醋丸子,388,糖醋-丸子,糖醋-丸子
手撕牛肉,387,手-撕-牛肉,手-撕-牛肉
空运绿色毛肚,387,空运-绿色-毛肚,空运-绿色-毛肚
素鸭,387,素-鸭,素-鸭
鲜虾,387,鲜虾,鲜虾
干煸豆角,386,干-煸-豆角,干-煸-豆角
肘子酥,385,肘子-酥,肘子-酥
油泼面,383,油泼面,油泼面
香芒三文鱼沙拉,382,香芒-三文鱼-沙拉,香芒-三文鱼-沙拉
三黄鸡,381,三黄鸡,三黄鸡
孔门豆腐,381,孔门-豆腐,孔门-豆腐
德天肥牛,381,德天-肥牛,德天-肥牛
竹荪,381,竹荪,竹荪
自制鱼丸,381,自制-鱼丸,自制-鱼丸
鲍汁豆腐,381,鲍汁-豆腐,鲍汁-豆腐
巧克力慕斯,379,巧克力-慕斯,巧克力-慕斯
熔岩流沙包,379,熔岩流-沙包,熔岩流-沙包
片儿川,379,片儿-川,片儿-川
牛奶鸡蛋醪糟,379,牛奶-鸡蛋-醪糟,牛奶-鸡蛋-醪糟
精品毛血旺,379,精品-毛血旺,精品-毛血旺
大刀拐子肉,378,大刀-拐子-肉,大刀-拐子-肉
烤全羊,378,烤全羊,烤全羊
皮皮虾饺子,378,皮皮虾-饺子,皮皮虾-饺子
马桥豆腐,378,马桥-豆腐,马桥-豆腐
俄罗斯鸡肉大串,376,俄罗斯-鸡肉-大串,俄罗斯-鸡肉-大串
美蛙,376,美蛙,美蛙
芝士野菌h豆腐,376,芝士-野菌-h-豆腐,芝士-野菌-h-豆腐
金饼地锅鸡,376,金饼-地锅-鸡,金饼-地锅-鸡
清宫烤羊腿,375,清宫-烤羊-腿,清宫-烤羊-腿
芝士年糕,375,芝士-年糕,芝士-年糕
辣炒蛏子,375,辣-炒-蛏子,辣-炒-蛏子
酸菜鱼锅底,375,酸菜鱼-锅底,酸菜鱼-锅底
千岛湖鱼头,374,千岛湖-鱼头,千岛湖-鱼头
黄鱼领鲜面,374,黄鱼-领鲜面,黄鱼-领鲜面
三杯小土豆,373,三杯-小土豆,三杯-小土豆
麻香鸡,372,麻香鸡,麻香鸡
张氏狮子头,371,张氏-狮子头,张氏-狮子头
极品鲜毛肚,371,极品-鲜-毛肚,极品-鲜-毛肚
烤奶油杂拌,371,烤-奶油-杂拌,烤-奶油-杂拌
招牌黄金虾卷,370,招牌-黄金-虾卷,招牌-黄金-虾卷
梨香带子,370,梨香-带子,梨香-带子
竹蛏,370,竹-蛏,竹-蛏
红颜知己,370,红颜-知己,红颜-知己
叉烧包,369,叉烧包,叉烧包
牛仔骨炒年糕,369,牛仔-骨-炒年糕,牛仔-骨-炒年糕
牛油果鸡肉沙拉,369,牛油果-鸡肉-沙拉,牛油果-鸡肉-沙拉
酱大骨,369,酱大骨,酱大骨
客家豆腐,368,客家-豆腐,客家-豆腐
小榄农家豆腐,368,小榄-农家-豆腐,小榄-农家-豆腐
招牌生煎,368,招牌-生-煎,招牌-生-煎
金牌虾饺王,368,金牌-虾饺-王,金牌-虾饺-王
和味烤鱿鱼,367,和-味-烤-鱿鱼,和-味-烤-鱿鱼
大蒜牛扒,367,大蒜-牛扒,大蒜-牛扒
怪味烤鱼,367,怪味-烤鱼,怪味-烤鱼
石锅老豆腐,367,石锅-老豆腐,石锅-老豆腐
岐山臊子面,366,岐山-臊子-面,岐山-臊子-面
泰汁凤爪,366,泰汁-凤爪,泰汁-凤爪
鸡肉串,366,鸡肉-串,鸡肉-串
热气羊肉,365,热气-羊肉,热气-羊肉
芝士h虾,365,芝士-h-虾,芝士-h-虾
道口烧鸡,365,道口-烧鸡,道口-烧鸡
雷公鸭,365,雷公-鸭,雷公-鸭
会跳舞的茄子,364,会-跳舞-的-茄子,会-跳舞-的-茄子
咖喱酱烧虾,364,咖喱-酱烧-虾,咖喱-酱烧-虾
砂锅粥,364,砂锅-粥,砂锅-粥
红白,364,红白,红白
凯撒沙拉,362,凯撒-沙拉,凯撒-沙拉
涮毛肚,362,涮-毛肚,涮-毛肚
肉串,362,肉串,肉串
金蒜爱上虾,362,金蒜-爱-上-虾,金蒜-爱-上-虾
香茅草烤鱼,362,香茅草-烤鱼,香茅草-烤鱼
黄鱼馄饨,362,黄鱼-馄饨,黄鱼-馄饨
五彩大拉皮,361,五彩-大-拉皮,五彩-大-拉皮
香兰捞饭,361,香兰-捞饭,香兰-捞饭
葱油海瓜子,360,葱油-海瓜子,葱油-海瓜子
铁板土豆片,360,铁板-土豆片,铁板-土豆片
船夫海螺,359,船夫-海螺,船夫-海螺
西贡咖喱鸡,359,西贡-咖喱鸡,西贡-咖喱鸡
退秋鱼,358,退秋鱼,退秋鱼
手撕包心菜,357,手-撕-包心菜,手-撕-包心菜
蒜蓉小龙虾,357,蒜蓉-小龙虾,蒜蓉-小龙虾
金钱虾饼,357,金钱-虾饼,金钱-虾饼
笋尖虾饺皇,356,笋尖-虾饺-皇,笋尖-虾饺-皇
虾锅,356,虾-锅,虾-锅
鸡仔饼,356,鸡仔饼,鸡仔饼
啤酒龙虾,355,啤酒-龙虾,啤酒-龙虾
桂花红烧肉,355,桂花-红烧肉,桂花-红烧肉
辣炒花蛤,355,辣-炒花-蛤,辣-炒花-蛤
北京亮沙拉,354,北京-亮-沙拉,北京-亮-沙拉
小酥肉,354,小-酥-肉,小-酥-肉
海参斑剁椒蒸,354,海参-斑-剁-椒-蒸,海参-斑-剁-椒-蒸
芒果土豆泥,353,芒果-土豆泥,芒果-土豆泥
原生态豆腐,352,原生态-豆腐,原生态-豆腐
砂锅自磨豆腐,352,砂锅-自-磨豆腐,砂锅-自-磨豆腐
酸菜炒汤圆,352,酸菜-炒-汤圆,酸菜-炒-汤圆
高钙羊肉,352,高钙-羊肉,高钙-羊肉
一筐蛤蜊,351,一筐-蛤蜊,一筐-蛤蜊
一鱼两吃,351,一鱼-两-吃,一鱼-两-吃
羊肉片,351,羊肉片,羊肉片
皇上皇腊味煲仔饭,350,皇上-皇-腊味-煲仔饭,皇上-皇-腊味-煲仔饭
蒜蓉虾,350,蒜蓉-虾,蒜蓉-虾
三鲜炒疙瘩,349,三鲜-炒-疙瘩,三鲜-炒-疙瘩
太湖一锅鲜,349,太湖-一锅鲜,太湖-一锅鲜
小煎猪肝,349,小-煎-猪肝,小-煎-猪肝
大羊肉串,348,大-羊肉串,大-羊肉串
青芥古法大虾球,348,青芥-古法-大-虾球,青芥-古法-大-虾球
招牌雪山包,347,招牌-雪山-包,招牌-雪山-包
馕包肉,347,馕-包肉,馕-包肉
一心鸡,346,一心-鸡,一心-鸡
两桶双味虾,346,两桶-双味-虾,两桶-双味-虾
怪味清江鱼,346,怪味-清江-鱼,怪味-清江-鱼
普洱香锅鸡,346,普洱-香锅-鸡,普洱-香锅-鸡
白灼章鱼,346,白灼-章鱼,白灼-章鱼
香辣牛蛙,346,香辣-牛蛙,香辣-牛蛙
三花趾,345,三花-趾,三花-趾
扁豆焖面,345,扁豆-焖-面,扁豆-焖-面
爆浆甜筒沙拉,345,爆浆-甜筒-沙拉,爆浆-甜筒-沙拉
皇堡,345,皇堡,皇堡
秘制腐乳鸭,345,秘制-腐乳-鸭,秘制-腐乳-鸭
顺德猪杂粥,345,顺德-猪杂-粥,顺德-猪杂-粥
麻辣鱼,345,麻辣-鱼,麻辣-鱼
宝翠虾饺皇,344,宝翠-虾饺-皇,宝翠-虾饺-皇
三杯鸡中翅,343,三杯-鸡中-翅,三杯-鸡中-翅
擂椒炒海参,343,擂椒-炒-海参,擂椒-炒-海参
淮王鱼,343,淮王-鱼,淮王-鱼
香辣小龙虾,343,香辣-小龙虾,香辣-小龙虾
品海小巴蛸,342,品海-小巴-蛸,品海-小巴-蛸
堂蒸丹东肥蚬子,342,堂蒸-丹东-肥-蚬-子,堂蒸-丹东-肥-蚬-子
招牌辣翅,342,招牌-辣翅,招牌-辣翅
牛腩粉,342,牛腩-粉,牛腩-粉
排骨串,341,排骨-串,排骨-串
梁山鸡,341,梁山-鸡,梁山-鸡
奶香凤尾虾,340,奶香-凤尾-虾,奶香-凤尾-虾
真爱排骨,340,真-爱-排骨,真-爱-排骨
蜂窝玉米,340,蜂窝-玉米,蜂窝-玉米
奇香排骨,339,奇香-排骨,奇香-排骨
拉条子,339,拉-条子,拉-条子
糯米藕,339,糯米-藕,糯米-藕
龙虾片,339,龙虾-片,龙虾-片
招牌饺子,338,招牌-饺子,招牌-饺子
海参捞饭,338,海参-捞饭,海参-捞饭
砂锅鱼,338,砂锅-鱼,砂锅-鱼
香辣土豆丝,338,香辣-土豆丝,香辣-土豆丝
黄豆煨猪脚,338,黄豆-煨-猪脚,黄豆-煨-猪脚
小杨生煎,337,小-杨生-煎,小-杨生-煎
小确幸全家福,337,小确幸-全家福,小确幸-全家福
牛肉汤河粉,337,牛肉汤-河粉,牛肉汤-河粉
石锅牛蛙,337,石锅-牛蛙,石锅-牛蛙
花旗四色r,337,花旗--四色-r-,花旗--四色-r-
厚多士,336,厚多士,厚多士
金沙红米肠,336,金沙-红米肠,金沙-红米肠
排骨鱿鱼锅,335,排骨-鱿鱼-锅,排骨-鱿鱼-锅
粤式牛仔粒,335,粤式-牛仔-粒,粤式-牛仔-粒
蒜香骨,335,蒜-香骨,蒜-香骨
豆瓣鱼,335,豆瓣-鱼,豆瓣-鱼
马来三味鱼,335,马来-三味-鱼,马来-三味-鱼
鸡丝冷面,335,鸡丝-冷面,鸡丝-冷面
培根卷,334,培根-卷,培根-卷
上和酱鸭,333,上-和-酱鸭,上-和-酱鸭
葱烧武昌鱼,333,葱烧-武昌鱼,葱烧-武昌鱼
金沙h猪手,333,金沙-h-猪手,金沙-h-猪手
马来炒面,332,马来-炒面,马来-炒面
鳝段粉丝,332,鳝段-粉丝,鳝段-粉丝
客语豆腐,331,客语-豆腐,客语-豆腐
手抓羊排,331,手-抓-羊排,手-抓-羊排
淮安软兜,331,淮安-软兜,淮安-软兜
蟹籽虾滑,331,蟹-籽-虾-滑,蟹-籽-虾-滑
飘香榴莲酥,331,飘香-榴莲-酥,飘香-榴莲-酥
鸡生蛋蛋生鸡,331,鸡生-蛋蛋-生鸡,鸡生-蛋蛋-生鸡
番茄锅,330,番茄-锅,番茄-锅
蟹棒,330,蟹-棒,蟹-棒
金牌脆皮虾,330,金牌-脆皮-虾,金牌-脆皮-虾
咖喱鸡,329,咖喱鸡,咖喱鸡
大包子,329,大-包子,大-包子
顺风臭豆腐,329,顺风-臭豆腐,顺风-臭豆腐
三十年代熏鱼,328,三十-年代-熏鱼,三十-年代-熏鱼
戛纳遇上北海道,328,戛纳-遇上-北海道,戛纳-遇上-北海道
文昌海南鸡,328,文昌-海南-鸡,文昌-海南-鸡
红烧带鱼,328,红烧-带鱼,红烧-带鱼
罐罐米线,328,罐罐-米线,罐罐-米线
自家豆腐煲,328,自家-豆腐-煲,自家-豆腐-煲
云吞,326,云吞,云吞
塞外皇坛子,326,塞外-皇-坛子,塞外-皇-坛子
鱼豆腐,326,鱼-豆腐,鱼-豆腐
鸭嘴鱼,326,鸭嘴-鱼,鸭嘴-鱼
炭烤三文鱼,325,炭烤-三文鱼,炭烤-三文鱼
熏肉大饼,325,熏肉-大饼,熏肉-大饼
丝娃娃,324,丝-娃娃,丝-娃娃
糍粑,324,糍粑,糍粑
小米糕,323,小米-糕,小米-糕
素面,323,素面,素面
香烤鲈鱼,323,香烤-鲈鱼,香烤-鲈鱼
牛肉烩饭,322,牛肉-烩饭,牛肉-烩饭
猪脑,322,猪脑,猪脑
黄鱼煨面,322,黄鱼-煨-面,黄鱼-煨-面
五方肉,321,五方-肉,五方-肉
捣蛋的鸡翅,321,捣蛋-的-鸡翅,捣蛋-的-鸡翅
潮福虾饺皇,321,潮福-虾饺-皇,潮福-虾饺-皇
自酿豆腐煲,321,自酿-豆腐-煲,自酿-豆腐-煲
铁勺爆肚,321,铁勺-爆肚,铁勺-爆肚
一锅出,320,一锅-出,一锅-出
毛豆腐,320,毛-豆腐,毛-豆腐
海参,320,海参,海参
海底捞,320,海底-捞,海底-捞
秦镇米皮,320,秦镇-米-皮,秦镇-米-皮
麻仁芋头,320,麻仁-芋头,麻仁-芋头
意大利肉酱面,319,意大利-肉酱-面,意大利-肉酱-面
四川凉面,318,四川-凉面,四川-凉面
酒香花雕鸡,318,酒香-花雕-鸡,酒香-花雕-鸡
山药炖排骨汤,317,山药-炖排骨-汤,山药-炖排骨-汤
湛江香油鸡,317,湛江-香油-鸡,湛江-香油-鸡
云杉抓虾,316,云杉-抓虾,云杉-抓虾
客家黑粉皮,316,客家-黑-粉皮,客家-黑-粉皮
擂辣椒皮蛋,316,擂-辣椒-皮蛋,擂-辣椒-皮蛋
秘制酒香肉,315,秘制-酒香-肉,秘制-酒香-肉
金刚火方,315,金刚-火方,金刚-火方
丸滑组合,314,丸-滑-组合,丸-滑-组合
脆皮鸡,314,脆皮-鸡,脆皮-鸡
北京果木烤鸭,313,北京-果木-烤鸭,北京-果木-烤鸭
湿炒牛河,313,湿-炒-牛河,湿-炒-牛河
红花汁栗子白菜,313,红花-汁-栗子-白菜,红花-汁-栗子-白菜
老醋花生,312,老醋-花生,老醋-花生
雪菜黄鱼煨面,312,雪菜-黄鱼-煨-面,雪菜-黄鱼-煨-面
鱼香茄龙,312,鱼香-茄龙,鱼香-茄龙
鲍汁凤爪,312,鲍汁-凤爪,鲍汁-凤爪
干煸藕丝,311,干-煸-藕丝,干-煸-藕丝
河内熟牛肉汤河粉,311,河内-熟-牛肉汤-河粉,河内-熟-牛肉汤-河粉
干锅包菜,310,干锅-包菜,干锅-包菜
四喜烤麸,309,四喜-烤麸,四喜-烤麸
酱龙骨,309,酱-龙骨,酱-龙骨
骄子肥牛,309,骄子-肥牛,骄子-肥牛
奶油烤杂拌,308,奶油-烤-杂拌,奶油-烤-杂拌
文鱼,308,文鱼,文鱼
炒面片,308,炒面-片,炒面-片
纽奥良鸡肉沙拉,308,纽奥良-鸡肉-沙拉,纽奥良-鸡肉-沙拉
芝麻酱,308,芝麻酱,芝麻酱
蟹黄豆腐煲,308,蟹黄-豆腐-煲,蟹黄-豆腐-煲
三鲜烧卖,307,三鲜-烧卖,三鲜-烧卖
生牛肉丸,307,生-牛肉丸,生-牛肉丸
脆皮牛肉,307,脆皮-牛肉,脆皮-牛肉
酱小土豆,307,酱-小土豆,酱-小土豆
上将肥牛土豆泥,306,上将-肥牛-土豆泥,上将-肥牛-土豆泥
红果水晶汤,306,红果-水晶-汤,红果-水晶-汤
花厨沙拉,306,花厨-沙拉,花厨-沙拉
牛肉馅饼,305,牛肉-馅饼,牛肉-馅饼
芋儿,305,芋儿,芋儿
匙柄,304,匙-柄,匙-柄
清蒸带鱼,304,清蒸-带鱼,清蒸-带鱼
生蚝鲍鱼,304,生-蚝-鲍鱼,生-蚝-鲍鱼
茶壶汤,304,茶壶-汤,茶壶-汤
沙拉小牛肉,303,沙拉-小牛肉,沙拉-小牛肉
现烙脆皮饼,303,现烙-脆皮-饼,现烙-脆皮-饼
美腿馋嘴蛙,303,美腿-馋嘴-蛙,美腿-馋嘴-蛙
京城四味烤鸭,302,京城-四味-烤鸭,京城-四味-烤鸭
四喜丸子,302,四喜-丸子,四喜-丸子
老火靓汤,302,老火-靓汤,老火-靓汤
铁板海鲜豆腐,302,铁板-海鲜-豆腐,铁板-海鲜-豆腐
锅中锅,302,锅中锅,锅中锅
孔乙己花生,301,孔乙己-花生,孔乙己-花生
招牌一品豆腐,301,招牌-一品-豆腐,招牌-一品-豆腐
木瓜番茄汤,301,木瓜-番茄-汤,木瓜-番茄-汤
顺德公炒陈村粉,301,顺德-公炒-陈村粉,顺德-公炒-陈村粉
风花雪月鱼,301,风花雪月-鱼,风花雪月-鱼
咸亨臭豆腐,300,咸亨-臭豆腐,咸亨-臭豆腐
土炉烧饼,300,土炉-烧饼,土炉-烧饼
酱香芝士猪蹄,300,酱香-芝士-猪蹄,酱香-芝士-猪蹄
麻辣排骨串,300,麻辣-排骨-串,麻辣-排骨-串
姊妹团子,299,姊妹-团子,姊妹-团子
干锅臭桂鱼,299,干锅-臭-桂鱼,干锅-臭-桂鱼
口味鱼头,298,口味-鱼头,口味-鱼头
招牌石锅沸腾饭,298,招牌-石锅-沸腾-饭,招牌-石锅-沸腾-饭
煎饺,298,煎-饺,煎-饺
豆瓣钳鱼,298,豆瓣-钳鱼,豆瓣-钳鱼
鱼片,298,鱼片,鱼片
八斗鸡,297,八-斗鸡,八-斗鸡
水煮活鱼,297,水煮-活鱼,水煮-活鱼
神仙鸡,297,神仙-鸡,神仙-鸡
金牌烧鹅酥,297,金牌-烧鹅-酥,金牌-烧鹅-酥
黑蒜子牛肉粒,297,黑蒜子-牛肉-粒,黑蒜子-牛肉-粒
琵琶鸭,296,琵琶-鸭,琵琶-鸭
呛香鱼,295,呛-香鱼,呛-香鱼
樱桃肉,295,樱桃-肉,樱桃-肉
胡椒虾,295,胡椒-虾,胡椒-虾
苔条小黄鱼,295,苔条-小黄鱼,苔条-小黄鱼
酿皮,295,酿皮,酿皮
小米渣,294,小米-渣,小米-渣
招牌沙拉,294,招牌-沙拉,招牌-沙拉
水煮三鲜,294,水煮-三鲜,水煮-三鲜
沸腾虾,294,沸腾-虾,沸腾-虾
火锅鸡,294,火锅-鸡,火锅-鸡
金牌香肴肉,294,金牌-香肴-肉,金牌-香肴-肉
钟水饺,294,钟水饺,钟水饺
鸡包翅,294,鸡包-翅,鸡包-翅
三鲜伊府面,293,三鲜-伊府面,三鲜-伊府面
品海小M蛸,293,品海-小-M-蛸,品海-小-M-蛸
海鲜混搭,293,海鲜-混-搭,海鲜-混-搭
火焰牛仔腿,293,火焰-牛仔-腿,火焰-牛仔-腿
烤猪颈肉,293,烤-猪-颈-肉,烤-猪-颈-肉
牛肉粉丝汤,293,牛肉-粉丝汤,牛肉-粉丝汤
金不换三杯鸡,293,金不换-三杯-鸡,金不换-三杯-鸡
青梅虾,293,青梅-虾,青梅-虾
沙拉小牛排,292,沙拉-小-牛排,沙拉-小-牛排
粢饭糕,292,粢-饭-糕,粢-饭-糕
虾皇饺,292,虾-皇饺,虾-皇饺
鲜虾肠粉,292,鲜虾-肠粉,鲜虾-肠粉
口水鱼,291,口水-鱼,口水-鱼
烤鱿鱼,291,烤-鱿鱼,烤-鱿鱼
烧羊棒,291,烧羊棒,烧羊棒
虾酱空心菜,291,虾酱-空心菜,虾酱-空心菜
辣子对虾,291,辣子-对虾,辣子-对虾
酒酿小圆子,291,酒酿-小-圆子,酒酿-小-圆子
鱼头煲,291,鱼头-煲,鱼头-煲
三味鱼,289,三味-鱼,三味-鱼
手切鲜羊肉,289,手切-鲜-羊肉,手切-鲜-羊肉
番茄牛肉,289,番茄-牛肉,番茄-牛肉
老长沙臭豆腐,289,老-长沙-臭豆腐,老-长沙-臭豆腐
鸟巢酥方,289,鸟巢-酥方,鸟巢-酥方
十三幺小,287,十三幺-小,十三幺-小
客家咸鸡,287,客家-咸鸡,客家-咸鸡
汉堡,287,汉堡,汉堡
羊肉烩面,287,羊肉-烩面,羊肉-烩面
自磨豆腐,287,自-磨豆腐,自-磨豆腐
青芥三文鱼挞,287,青芥-三文鱼-挞,青芥-三文鱼-挞
麻辣龙虾,287,麻辣-龙虾,麻辣-龙虾
宫爆大虾球,286,宫-爆大-虾球,宫-爆大-虾球
山茶花开,286,山茶花-开,山茶花-开
明珠鸡,286,明珠-鸡,明珠-鸡
焖饼,286,焖-饼,焖-饼
碳烤生蚝,286,碳-烤生-蚝,碳-烤生-蚝
美极h铁棍山药,286,美极-h-铁棍-山药,美极-h-铁棍-山药
小馆半条鱼,285,小馆-半条-鱼,小馆-半条-鱼
榄菜肉碎四季豆,285,榄-菜-肉-碎-四季豆,榄-菜-肉-碎-四季豆
老实人鱼头,285,老实人-鱼头,老实人-鱼头
草莓芝士蛋糕,285,草莓-芝士-蛋糕,草莓-芝士-蛋糕
薄荷牛肉卷,285,薄荷-牛肉-卷,薄荷-牛肉-卷
饷油鳝糊,285,饷-油鳝-糊,饷-油鳝-糊
黑松露低温蛋,285,黑松-露-低温-蛋,黑松-露-低温-蛋
竹串虾,284,竹串-虾,竹串-虾
轰炸东京,284,轰炸-东京,轰炸-东京
醋溜苜蓿,284,醋溜-苜蓿,醋溜-苜蓿
黄米烙,284,黄米-烙,黄米-烙
十三香,283,十三-香,十三-香
泡椒田鸡,283,泡椒-田鸡,泡椒-田鸡
虾蟹粥,283,虾-蟹-粥,虾-蟹-粥
霸道毛血旺,283,霸道-毛血旺,霸道-毛血旺
卤水鹅肝,282,卤水-鹅-肝,卤水-鹅-肝
我爱鱼头,282,我-爱-鱼头,我-爱-鱼头
清心鸡,282,清心-鸡,清心-鸡
阿根廷大虾,282,阿根廷-大虾,阿根廷-大虾
黑胡椒牛柳意面,282,黑胡椒-牛柳-意-面,黑胡椒-牛柳-意-面
冬阴功海鲜汤,281,冬阴功-海鲜-汤,冬阴功-海鲜-汤
金牌虾饺,281,金牌-虾饺,金牌-虾饺
十八罗汉,280,十八罗汉,十八罗汉
秘制小牛排,280,秘制-小-牛排,秘制-小-牛排
至尊冰镇龙虾,280,至尊-冰镇-龙虾,至尊-冰镇-龙虾
豉油鸡,280,豉-油鸡,豉-油鸡
三鲜老油条,279,三鲜-老油条,三鲜-老油条
剁椒鸳鸯鱼头王,279,剁-椒-鸳鸯-鱼头-王,剁-椒-鸳鸯-鱼头-王
南洋凤梨饭,279,南洋-凤梨-饭,南洋-凤梨-饭
摇滚大拉皮,279,摇滚-大-拉皮,摇滚-大-拉皮
经典牛排,279,经典-牛排,经典-牛排
老上海红烧肉,279,老-上海-红烧肉,老-上海-红烧肉
肉馕,279,肉-馕,肉-馕
莫斯科红菜汤,279,莫斯科-红-菜汤,莫斯科-红-菜汤
黄金嵌白玉,279,黄金-嵌-白玉,黄金-嵌-白玉
干煎杏鲍菇,278,干-煎-杏鲍菇,干-煎-杏鲍菇
梅菜扣肉,278,梅菜-扣肉,梅菜-扣肉
气锅鸡,278,气锅鸡,气锅鸡
珍宝蜂蜜厚多士,278,珍宝-蜂蜜-厚多士,珍宝-蜂蜜-厚多士
红糖麻糍,278,红糖-麻-糍,红糖-麻-糍
脆皮烧鸭,278,脆皮-烧鸭,脆皮-烧鸭
铁板土豆,278,铁板-土豆,铁板-土豆
鸦片鱼头,278,鸦片-鱼头,鸦片-鱼头
黄焖龙虾,278,黄焖-龙虾,黄焖-龙虾
凉拌茼蒿,277,凉拌-茼蒿,凉拌-茼蒿
妈妈私房红烧肉,277,妈妈-私房-红烧肉,妈妈-私房-红烧肉
红烧羊肉,277,红烧-羊肉,红烧-羊肉
麻辣鲶鱼,277,麻辣-鲶鱼,麻辣-鲶鱼
八宝辣酱,276,八宝-辣酱,八宝-辣酱
日本黑猪肉,276,日本-黑-猪肉,日本-黑-猪肉
桂花大排,276,桂花-大排,桂花-大排
河内牛肉米粉,276,河内-牛肉-米粉,河内-牛肉-米粉
老陕烩菜,276,老陕-烩-菜,老陕-烩-菜
一米羊肉,275,一米-羊肉,一米-羊肉
北京烤鸭披萨,275,北京烤鸭-披萨,北京烤鸭-披萨
奥巴马牛肉汤,275,奥巴马-牛肉汤,奥巴马-牛肉汤
安格斯牛柳粒,275,安格斯-牛柳-粒,安格斯-牛柳-粒
鲜青椒水煮巴沙鱼,275,鲜-青椒-水煮-巴-沙鱼,鲜-青椒-水煮-巴-沙鱼
冰激凌土豆泥,274,冰激凌-土豆泥,冰激凌-土豆泥
墨西哥牛肉脆饼,274,墨西哥-牛肉-脆饼,墨西哥-牛肉-脆饼
干锅土豆,274,干锅-土豆,干锅-土豆
海鲜菠萝炒饭,274,海鲜-菠萝-炒饭,海鲜-菠萝-炒饭
烤肉筋,274,烤肉-筋,烤肉-筋
烤鸡爪,274,烤鸡-爪,烤鸡-爪
象鼻蚌,274,象鼻-蚌,象鼻-蚌
凉菜,273,凉菜,凉菜
咖喱锅巴虾球,273,咖喱-锅巴-虾球,咖喱-锅巴-虾球
壹心鸡,273,壹心-鸡,壹心-鸡
大腰子,273,大-腰子,大-腰子
拾味鱼扒,273,拾味鱼-扒,拾味鱼-扒
毛豆,273,毛豆,毛豆
特色酸菜鱼,273,特色-酸菜鱼,特色-酸菜鱼
猪脚箍,273,猪脚-箍,猪脚-箍
黄焖小龙虾,273,黄焖-小龙虾,黄焖-小龙虾
黄金流沙包,273,黄金-流-沙包,黄金-流-沙包
黑椒牛柳粒,273,黑椒-牛柳-粒,黑椒-牛柳-粒
呛炒圆白菜,272,呛-炒-圆白菜,呛-炒-圆白菜
山药鸡里蹦,272,山药-鸡里-蹦,山药-鸡里-蹦
带子,272,带子,带子
梨球酥皮虾,272,梨球-酥皮-虾,梨球-酥皮-虾
芝心丸,272,芝心-丸,芝心-丸
巧克力蛋糕,271,巧克力-蛋糕,巧克力-蛋糕
干锅千叶豆腐,271,干锅-千叶-豆腐,干锅-千叶-豆腐
汗炉蒸鸭,271,汗炉-蒸-鸭,汗炉-蒸-鸭
烧味三拼,271,烧味-三-拼,烧味-三-拼
青咖喱鸡,271,青-咖喱鸡,青-咖喱鸡
功夫土豆片,270,功夫-土豆片,功夫-土豆片
同庆楼煮干丝,270,同庆-楼-煮-干丝,同庆-楼-煮-干丝
土豆饭,270,土豆-饭,土豆-饭
桑拿蚝,270,桑拿-蚝,桑拿-蚝
炒空心菜,270,炒-空心菜,炒-空心菜
笑颜神仙鸡,270,笑颜-神仙-鸡,笑颜-神仙-鸡
肉皮汤,270,肉皮-汤,肉皮-汤
长脚蟹,270,长脚-蟹,长脚-蟹
小龙坎毛肚,269,小龙-坎-毛肚,小龙-坎-毛肚
招牌牛排,269,招牌-牛排,招牌-牛排
火车头,269,火车头,火车头
冰镇菠萝油,268,冰镇-菠萝油,冰镇-菠萝油
津味素,268,津-味素,津-味素
猪肉汤,268,猪肉-汤,猪肉-汤
香辣蹄花,268,香辣-蹄花,香辣-蹄花
鲜花虾滑,268,鲜花-虾-滑,鲜花-虾-滑
黑豆腐,268,黑-豆腐,黑-豆腐
70土汉堡,267,70-土-汉堡,70-土-汉堡
千层毛肚,267,千层-毛肚,千层-毛肚
咖喱皇芝士炒饭,267,咖喱-皇-芝士-炒饭,咖喱-皇-芝士-炒饭
手抓龙虾,267,手-抓-龙虾,手-抓-龙虾
椒盐蹄膀,267,椒盐-蹄膀,椒盐-蹄膀
油淋鲈鱼,267,油淋-鲈鱼,油淋-鲈鱼
至尊鸳鸯锅底,267,至尊-鸳鸯-锅底,至尊-鸳鸯-锅底
蟹柳,267,蟹-柳,蟹-柳
四川抄手拌面,266,四川-抄手-拌面,四川-抄手-拌面
客语土猪汤,266,客语-土猪-汤,客语-土猪-汤
朗姆火焰松子鱼,266,朗姆-火焰-松子-鱼,朗姆-火焰-松子-鱼
法国吉拉多生蚝,266,法国-吉拉-多生-蚝,法国-吉拉-多生-蚝
醉排骨,266,醉-排骨,醉-排骨
鲜的跳,266,鲜-的-跳,鲜-的-跳
牛油鸳鸯锅,265,牛油-鸳鸯锅,牛油-鸳鸯锅
牛肝菌,265,牛肝菌,牛肝菌
芝士牛肉汉堡,265,芝士-牛肉-汉堡,芝士-牛肉-汉堡
鲜虾滑,265,鲜虾-滑,鲜虾-滑
富贵虾,264,富贵-虾,富贵-虾
开心糕,264,开心-糕,开心-糕
狮麟三蒸,264,狮麟-三蒸,狮麟-三蒸
石锅三角峰,264,石锅-三角-峰,石锅-三角-峰
簋街麻辣小龙虾,264,簋-街-麻辣-小龙虾,簋-街-麻辣-小龙虾
罐焖鹿肉,264,罐焖-鹿肉,罐焖-鹿肉
芝士红薯,264,芝士-红薯,芝士-红薯
鲜羊蝎子,264,鲜-羊蝎子,鲜-羊蝎子
鲶鱼,264,鲶鱼,鲶鱼
鸭五件,264,鸭-五件,鸭-五件
黄金虾卷,264,黄金-虾卷,黄金-虾卷
叫花鸡,263,叫花-鸡,叫花-鸡
滇味凉米线,263,滇味凉-米线,滇味凉-米线
火盆豆腐,263,火盆-豆腐,火盆-豆腐
荔枝肉,263,荔枝-肉,荔枝-肉
阿婆红烧肉,263,阿婆-红烧肉,阿婆-红烧肉
骨棒,263,骨棒,骨棒
三杯鸡鲍鱼菇,262,三杯-鸡-鲍鱼-菇,三杯-鸡-鲍鱼-菇
水上漂嫩牛肉,262,水上漂-嫩-牛肉,水上漂-嫩-牛肉
烤千页豆腐,262,烤千页-豆腐,烤千页-豆腐
烤风干肠,262,烤-风干-肠,烤-风干-肠
黑松露鹅肝包,262,黑松-露鹅肝包,黑松-露鹅肝包
三味珍宝虾饺,261,三味-珍宝-虾饺,三味-珍宝-虾饺
传统锅包肉,261,传统-锅包肉,传统-锅包肉
奶油杂拌,261,奶油-杂拌,奶油-杂拌
河豚,261,河豚,河豚
潮汕手打鲜牛肉丸,261,潮汕-手-打鲜-牛肉丸,潮汕-手-打鲜-牛肉丸
烤大虾,261,烤-大虾,烤-大虾
蟹膏砂锅粥,261,蟹膏-砂锅-粥,蟹膏-砂锅-粥
冒菜,260,冒菜,冒菜
火焰牛排,260,火焰-牛排,火焰-牛排
瓦罐牛排,260,瓦罐-牛排,瓦罐-牛排
豆豉排骨,260,豆豉-排骨,豆豉-排骨
酸萝卜老鸭汤,260,酸-萝卜-老-鸭汤,酸-萝卜-老-鸭汤
香酥鸡,260,香酥鸡,香酥鸡
马贝,260,马贝,马贝
卤骨头,259,卤-骨头,卤-骨头
手擀面,259,手-擀面,手-擀面
招牌锡香鲈鱼,259,招牌-锡香-鲈鱼,招牌-锡香-鲈鱼
精品五花肉,259,精品-五花肉,精品-五花肉
顶级霜降肥牛,259,顶级-霜降-肥牛,顶级-霜降-肥牛
鲍汁蒸凤爪,259,鲍汁-蒸-凤爪,鲍汁-蒸-凤爪
BB鸭,258,BB-鸭,BB-鸭
印象红盖,258,印象-红盖,印象-红盖
双色土豆泥,258,双色-土豆泥,双色-土豆泥
嫩肉片,258,嫩-肉片,嫩-肉片
干锅手撕鸡,258,干锅手-撕鸡,干锅手-撕鸡
广式蒸多宝鱼,258,广式-蒸多宝-鱼,广式-蒸多宝-鱼
招牌菠萝海鲜炒饭,258,招牌-菠萝-海鲜-炒饭,招牌-菠萝-海鲜-炒饭
老妈羊肉,258,老妈-羊肉,老妈-羊肉
荷塘小炒,258,荷塘-小炒,荷塘-小炒
丰收日红烧肉,257,丰收-日-红烧肉,丰收-日-红烧肉
椒盐虾菇,257,椒盐-虾菇,椒盐-虾菇
牛肉千层饼,257,牛肉-千层饼,牛肉-千层饼
蒸饺,257,蒸饺,蒸饺
雾凇脆皮豆腐,257,雾凇-脆皮-豆腐,雾凇-脆皮-豆腐
香辣清江鱼,257,香辣-清江-鱼,香辣-清江-鱼
公社拌菜,256,公社-拌-菜,公社-拌-菜
招牌汉堡,256,招牌-汉堡,招牌-汉堡
玉米饼,256,玉米饼,玉米饼
老坛子,256,老-坛子,老-坛子
田螺塞肉,255,田螺-塞肉,田螺-塞肉
醋溜白菜,255,醋溜-白菜,醋溜-白菜
金丝小枣煨肘子,255,金丝小枣-煨-肘子,金丝小枣-煨-肘子
鸡丝拉皮,255,鸡丝-拉皮,鸡丝-拉皮
鸳鸯火锅,255,鸳鸯-火锅,鸳鸯-火锅
洋葱塔,254,洋葱-塔,洋葱-塔
秘制花甲,254,秘制-花甲,秘制-花甲
肉丝拉皮,254,肉丝-拉皮,肉丝-拉皮
脆皮黑叉烧包,254,脆皮-黑-叉烧包,脆皮-黑-叉烧包
越式芒果鲜虾沙律,254,越式-芒果-鲜虾-沙律,越式-芒果-鲜虾-沙律
一品大排,253,一品-大排,一品-大排
德国式烤猪肘,253,德国式-烤-猪-肘,德国式-烤-猪-肘
水饺,253,水饺,水饺
洛神金沙红米肠,253,洛神-金沙-红米肠,洛神-金沙-红米肠
狗不理包子,253,狗不理-包子,狗不理-包子
辣炒青岛小花蛤,253,辣-炒-青岛-小花-蛤,辣-炒-青岛-小花-蛤
金牌蒜蓉明虾,253,金牌-蒜蓉-明虾,金牌-蒜蓉-明虾
土笋冻,252,土笋-冻,土笋-冻
歌乐山辣子鸡,252,歌乐山-辣子鸡,歌乐山-辣子鸡
牛柚果油条虾,252,牛柚果-油条-虾,牛柚果-油条-虾
老坑小炒皇,252,老坑-小炒-皇,老坑-小炒-皇
草帽饼,252,草帽-饼,草帽-饼
菜泡饭,252,菜-泡饭,菜-泡饭
豆汤鱼的爱情,252,豆汤-鱼-的-爱情,豆汤-鱼-的-爱情
长沙臭豆腐,252,长沙-臭豆腐,长沙-臭豆腐
黄鱼面,252,黄鱼-面,黄鱼-面
手撕饼,251,手-撕饼,手-撕饼
烤牛排,251,烤-牛排,烤-牛排
象拔蚌,251,象拔蚌,象拔蚌
极品牛肉粒,250,极品-牛肉-粒,极品-牛肉-粒
胡桃里烧鸡,250,胡桃-里-烧鸡,胡桃-里-烧鸡
蒜蓉生蚝,250,蒜蓉-生-蚝,蒜蓉-生-蚝
骨头汤,250,骨头汤,骨头汤
南煎丸子,249,南-煎-丸子,南-煎-丸子
沙湾大盘鸡,249,沙湾-大盘鸡,沙湾-大盘鸡
老板的羊肉串,249,老板-的-羊肉串,老板-的-羊肉串
辣宴老坛酸菜鱼,249,辣宴-老坛-酸菜鱼,辣宴-老坛-酸菜鱼
锦城嫩牛肉,249,锦城-嫩-牛肉,锦城-嫩-牛肉
家常菜,248,家常菜,家常菜
烤卤牛蛙,248,烤-卤-牛蛙,烤-卤-牛蛙
老谭酸菜鱼,248,老谭-酸菜鱼,老谭-酸菜鱼
考伯沙拉,248,考伯-沙拉,考伯-沙拉
脆皮猪手,248,脆皮-猪手,脆皮-猪手
锣鼓烤鸭,248,锣鼓-烤鸭,锣鼓-烤鸭
冬荫功海鲜锅,247,冬荫功-海鲜-锅,冬荫功-海鲜-锅
包浆豆腐,247,包浆-豆腐,包浆-豆腐
新奥尔良鸡翅,247,新奥尔良-鸡翅,新奥尔良-鸡翅
炒肝,247,炒肝,炒肝
牛肉卷,247,牛肉-卷,牛肉-卷
番茄火锅,247,番茄-火锅,番茄-火锅
草头饼,247,草头-饼,草头-饼
钢管鸡,247,钢管-鸡,钢管-鸡
铜锅清江鱼白汤,247,铜锅-清江-鱼-白汤,铜锅-清江-鱼-白汤
麻辣水煮鱼,247,麻辣-水煮鱼,麻辣-水煮鱼
冬阴功鲜虾汤,246,冬阴功-鲜虾-汤,冬阴功-鲜虾-汤
凉拌毛豆,246,凉拌-毛豆,凉拌-毛豆
吊龙伴,246,吊龙伴,吊龙伴
招牌冷面鸡,246,招牌-冷面-鸡,招牌-冷面-鸡
泰式咖喱皇炒蟹,246,泰式-咖喱-皇-炒-蟹,泰式-咖喱-皇-炒-蟹
海鲜面疙瘩,246,海鲜-面疙瘩,海鲜-面疙瘩
牛河,246,牛河,牛河
特味肥牛,246,特味-肥牛,特味-肥牛
砂锅番茄牛肉,246,砂锅-番茄-牛肉,砂锅-番茄-牛肉
虾尾,246,虾尾,虾尾
蛋黄流沙包,246,蛋黄-流-沙包,蛋黄-流-沙包
黄米凉糕,246,黄米-凉糕,黄米-凉糕
油焖春笋,245,油焖-春笋,油焖-春笋
红酒鹅肝果,245,红酒-鹅-肝果,红酒-鹅-肝果
腊八蒜溜肝尖,245,腊八-蒜-溜-肝-尖,腊八-蒜-溜-肝-尖
阿拉斯加帝王蟹,245,阿拉斯加-帝王-蟹,阿拉斯加-帝王-蟹
香茅草烤鲈鱼,245,香茅草-烤-鲈鱼,香茅草-烤-鲈鱼
鸡汁大煮干丝,245,鸡汁-大煮-干丝,鸡汁-大煮-干丝
黄蘑扣肉,245,黄蘑-扣肉,黄蘑-扣肉
一桶金钱手,244,一桶-金钱-手,一桶-金钱-手
香嫩小牛肉,244,香嫩-小牛肉,香嫩-小牛肉
黑猪肉,244,黑-猪肉,黑-猪肉
九福特色鸡,243,九福-特色-鸡,九福-特色-鸡
墨鱼汤包,243,墨鱼-汤包,墨鱼-汤包
奶油炸糕,243,奶油-炸糕,奶油-炸糕
小团圆炒饭,243,小-团圆-炒饭,小-团圆-炒饭
平桥豆腐,243,平桥-豆腐,平桥-豆腐
探鱼冰粉,243,探鱼-冰粉,探鱼-冰粉
文火焖小牛肉,243,文火-焖-小牛肉,文火-焖-小牛肉
灌肠,243,灌肠,灌肠
阳春面,243,阳春面,阳春面
三杯h小土豆,242,三杯-h-小土豆,三杯-h-小土豆
唐宫虾饺皇,242,唐宫-虾饺-皇,唐宫-虾饺-皇
招牌臭鳜鱼,242,招牌-臭-鳜鱼,招牌-臭-鳜鱼
水煮酸菜牛肉,242,水煮-酸菜-牛肉,水煮-酸菜-牛肉
烤馒头片,242,烤-馒头-片,烤-馒头-片
红汤梭边鱼,242,红汤-梭边-鱼,红汤-梭边-鱼
老豆腐,242,老豆腐,老豆腐
蟹黄汤包,242,蟹黄-汤包,蟹黄-汤包
面片,242,面片,面片
养生黑豆腐,241,养生-黑-豆腐,养生-黑-豆腐
匙仁,241,匙-仁,匙-仁
烤肥牛,241,烤-肥牛,烤-肥牛
烤龙虾,241,烤-龙虾,烤-龙虾
牛杂汤,241,牛杂-汤,牛杂-汤
三鲜芸豆,240,三鲜-芸豆,三鲜-芸豆
丑鱼,240,丑鱼,丑鱼
土馒头夹臭豆腐,240,土-馒头-夹-臭豆腐,土-馒头-夹-臭豆腐
嫩炒鸡蛋,240,嫩-炒鸡蛋,嫩-炒鸡蛋
枣沫糊,240,枣沫糊,枣沫糊
秘制海鲜酱油,240,秘制-海鲜-酱油,秘制-海鲜-酱油
经典鸳鸯锅底,240,经典-鸳鸯-锅底,经典-鸳鸯-锅底
蟹黄石榴鸡,240,蟹黄-石榴-鸡,蟹黄-石榴-鸡
金牌酱骨架,240,金牌-酱-骨架,金牌-酱-骨架
鲜肉汤包,240,鲜肉-汤包,鲜肉-汤包
明虾煲,239,明虾-煲,明虾-煲
烤土豆皮,239,烤-土豆皮,烤-土豆皮
私家酸汤鱼锅,239,私家-酸-汤鱼-锅,私家-酸-汤鱼-锅
蹄花焖藕,239,蹄花-焖-藕,蹄花-焖-藕
面茶,239,面茶,面茶
香芒美人鱼,239,香芒-美人鱼,香芒-美人鱼
麻酱拉皮,239,麻酱-拉皮,麻酱-拉皮
凉衣白肉,238,凉衣-白肉,凉衣-白肉
孜然寸骨,238,孜然-寸骨,孜然-寸骨
新疆香囊,238,新疆-香囊,新疆-香囊
猪肚包鸡,238,猪肚-包鸡,猪肚-包鸡
老婆饼,238,老婆-饼,老婆-饼
虾仁水饺,238,虾仁-水饺,虾仁-水饺
三文鱼北极贝,237,三文鱼-北极-贝,三文鱼-北极-贝
椒麻鱼,237,椒-麻鱼,椒-麻鱼
清蒸桂鱼,237,清蒸-桂鱼,清蒸-桂鱼
清蒸鱼,237,清蒸鱼,清蒸鱼
滚石牛肉,237,滚石-牛肉,滚石-牛肉
盐帮干锅蛙,237,盐帮-干锅-蛙,盐帮-干锅-蛙
农家手工麻糍,236,农家-手工-麻-糍,农家-手工-麻-糍
天妇罗,236,天妇-罗,天妇-罗
江米扣肉,236,江米-扣肉,江米-扣肉
海蟹,236,海蟹,海蟹
糖饺子,236,糖-饺子,糖-饺子
肥肠火锅,236,肥肠-火锅,肥肠-火锅
花甲,236,花甲,花甲
茶坊酿皮子,236,茶坊-酿皮子,茶坊-酿皮子
葱饼卷牛肉,236,葱-饼-卷-牛肉,葱-饼-卷-牛肉
酱腔骨,236,酱-腔骨,酱-腔骨
酸汤雪花鱼,236,酸-汤-雪花-鱼,酸-汤-雪花-鱼
陶陶居大虾饺,236,陶陶-居大-虾饺,陶陶-居大-虾饺
mini猪蹄,235,mini-猪蹄,mini-猪蹄
俄罗斯大串系列,235,俄罗斯-大串-系列,俄罗斯-大串-系列
凤凰流沙包,235,凤凰-流-沙包,凤凰-流-沙包
南瓜羹,235,南瓜-羹,南瓜-羹
锅边馍馍,235,锅边-馍馍,锅边-馍馍
墨鱼汁海鲜意饭,234,墨鱼-汁-海鲜-意饭,墨鱼-汁-海鲜-意饭
沙律牛排,234,沙律-牛排,沙律-牛排
h红薯,234,h-红薯,h-红薯
酱油小排,234,酱油-小排,酱油-小排
麻酱糖饼,234,麻酱-糖饼,麻酱-糖饼
宫保水晶虾球,233,宫保-水晶-虾球,宫保-水晶-虾球
招牌牛骨汤锅,233,招牌-牛骨-汤锅,招牌-牛骨-汤锅
榴莲蛋糕,233,榴莲-蛋糕,榴莲-蛋糕
虾的诱惑,233,虾-的-诱惑,虾-的-诱惑
香煎丝丁鱼,233,香-煎-丝丁鱼,香-煎-丝丁鱼
大汤黄鱼,232,大汤-黄鱼,大汤-黄鱼
家乡手撕豆腐煲,232,家乡-手-撕-豆腐-煲,家乡-手-撕-豆腐-煲
招牌米有沙拉,232,招牌-米-有-沙拉,招牌-米-有-沙拉
木瓜炖雪蛤,232,木瓜-炖-雪-蛤,木瓜-炖-雪-蛤
滋补烩面,232,滋补-烩面,滋补-烩面
糯香排骨,232,糯香-排骨,糯香-排骨
陕西回族麻酱凉皮,232,陕西-回族-麻酱-凉皮,陕西-回族-麻酱-凉皮
鸭架汤,232,鸭架-汤,鸭架-汤
地锅鸡,231,地锅-鸡,地锅-鸡
墨西哥卷,231,墨西哥-卷,墨西哥-卷
小猪猪组合,231,小猪猪-组合,小猪猪-组合
手抓饭,231,手-抓饭,手-抓饭
泡馍,231,泡馍,泡馍
牛滑,231,牛滑,牛滑
蜜汁糖藕,231,蜜汁-糖-藕,蜜汁-糖-藕
香辣肉丝,231,香辣-肉丝,香辣-肉丝
手锤茄子卷饼,230,手锤-茄子-卷饼,手锤-茄子-卷饼
特色海蛰,230,特色-海蛰,特色-海蛰
金沙鲜虾红米肠,230,金沙-鲜虾-红米肠,金沙-鲜虾-红米肠
鱿鱼圈,230,鱿鱼-圈,鱿鱼-圈
东北乱炖,229,东北-乱炖,东北-乱炖
唐府宫保大虾球,229,唐府-宫保-大-虾球,唐府-宫保-大-虾球
烤鸡翅中,229,烤鸡-翅-中,烤鸡-翅-中
烧椒鲈鱼,229,烧椒-鲈鱼,烧椒-鲈鱼
秘制龙虾,229,秘制-龙虾,秘制-龙虾
花江狗肉,229,花江-狗肉,花江-狗肉
莎莎排骨,229,莎莎-排骨,莎莎-排骨
虾蚝仔粥,229,虾-蚝-仔粥,虾-蚝-仔粥
酸菜嘴~,229,酸菜--嘴~,酸菜--嘴~
吊锅饭,228,吊锅-饭,吊锅-饭
太安鱼,228,太安-鱼,太安-鱼
椰香爆虾球,228,椰香-爆-虾球,椰香-爆-虾球
油焖虾,228,油焖-虾,油焖-虾
红烧鱼唇,228,红烧鱼-唇,红烧鱼-唇
莲蓉月饼,228,莲蓉-月饼,莲蓉-月饼
山里红马蹄糕,227,山里红-马蹄-糕,山里红-马蹄-糕
极品牛肉,227,极品-牛肉,极品-牛肉
猪肉大葱烧卖,227,猪肉-大葱-烧卖,猪肉-大葱-烧卖
白贝,227,白贝,白贝
金线油塔,227,金线-油塔,金线-油塔
青柠怪味虾,227,青柠-怪味-虾,青柠-怪味-虾
久香鸡翅,226,久香-鸡翅,久香-鸡翅
山寨鱼头王,226,山寨-鱼头-王,山寨-鱼头-王
三色山药泥,225,三-色-山药-泥,三-色-山药-泥
水煮小鱿鱼加虾,225,水煮-小-鱿鱼-加虾,水煮-小-鱿鱼-加虾
甜胚子,225,甜-胚子,甜-胚子
老妈卤蛋红烧肉,225,老妈-卤蛋-红烧肉,老妈-卤蛋-红烧肉
臭鱼,225,臭鱼,臭鱼
蟹黄桂花鱼,225,蟹黄-桂花-鱼,蟹黄-桂花-鱼
阿根廷红虾,225,阿根廷-红虾,阿根廷-红虾
鲈鱼炒饭,225,鲈鱼-炒饭,鲈鱼-炒饭
核桃包,224,核桃-包,核桃-包
生吃海胆,224,生吃-海胆,生吃-海胆
粉丝蒸扇贝,224,粉丝-蒸-扇贝,粉丝-蒸-扇贝
花菜,224,花菜,花菜
蘑菇包,224,蘑菇-包,蘑菇-包
香辣猪手,224,香辣-猪手,香辣-猪手
油浸鱼,223,油浸-鱼,油浸-鱼
火焰牛柳,223,火焰-牛柳,火焰-牛柳
烤乳猪,223,烤乳猪,烤乳猪
石锅烤虾,223,石锅-烤-虾,石锅-烤-虾
乐汇鱼头,222,乐汇-鱼头,乐汇-鱼头
国宴油条,222,国宴-油条,国宴-油条
招牌煎鸡胸肉沙拉,222,招牌-煎-鸡胸肉-沙拉,招牌-煎-鸡胸肉-沙拉
日式青芥三文鱼挞,222,日式-青芥-三文鱼-挞,日式-青芥-三文鱼-挞
有机菜花,222,有机-菜花,有机-菜花
梅汁排骨,222,梅汁-排骨,梅汁-排骨
玉米,222,玉米,玉米
蒸南瓜,222,蒸-南瓜,蒸-南瓜
香酥鸭色拉,222,香酥-鸭-色拉,香酥-鸭-色拉
天目湖鱼头汤,221,天目湖-鱼头汤,天目湖-鱼头汤
松鼠鲈鱼,221,松鼠-鲈鱼,松鼠-鲈鱼
烧饼夹肉,221,烧饼-夹肉,烧饼-夹肉
臭鲑鱼,221,臭-鲑鱼,臭-鲑鱼
芥茉鸭掌,221,芥茉-鸭掌,芥茉-鸭掌
薯片三文鱼,221,薯片-三文鱼,薯片-三文鱼
香酥小白龙,221,香酥-小白龙,香酥-小白龙
黄桂粥,221,黄桂粥,黄桂粥
原汁牛腩饭,220,原汁-牛腩饭,原汁-牛腩饭
大酱骨,220,大酱-骨,大酱-骨
李师傅脆肚,220,李师傅-脆肚,李师傅-脆肚
漂亮虾球,220,漂亮-虾球,漂亮-虾球
百叶结红烧肉,220,百叶-结-红烧肉,百叶-结-红烧肉
老街鱼嘴巴,220,老街-鱼-嘴巴,老街-鱼-嘴巴
菜饭,220,菜饭,菜饭
西域凉皮,220,西域-凉皮,西域-凉皮
铁板蒜茸虾,220,铁板-蒜-茸-虾,铁板-蒜-茸-虾
陈村粉,220,陈村粉,陈村粉
五香牛肉,219,五香-牛肉,五香-牛肉
手抓饼,219,手-抓-饼,手-抓-饼
红柳木牛肉串,219,红-柳木-牛肉-串,红-柳木-牛肉-串
东坡香肠,218,东坡-香肠,东坡-香肠
中华炖式牛排,218,中华-炖式-牛排,中华-炖式-牛排
台湾卤肉饭,218,台湾-卤肉饭,台湾-卤肉饭
太雕鸡,218,太雕-鸡,太雕-鸡
秘制梅肉,218,秘制-梅肉,秘制-梅肉
菲力牛扒,218,菲力-牛扒,菲力-牛扒
沙姜猪手,217,沙姜-猪手,沙姜-猪手
河虾仁,217,河-虾仁,河-虾仁
烤猪膝,217,烤-猪-膝,烤-猪-膝
白吉馍,217,白吉馍,白吉馍
荷花酥,217,荷花-酥,荷花-酥
传统奶油芝士h杂拌,216,传统-奶油-芝士-h-杂拌,传统-奶油-芝士-h-杂拌
泉水牛蛙,216,泉水-牛蛙,泉水-牛蛙
海底总动员,216,海底-总动员,海底-总动员
灰豆子,216,灰-豆子,灰-豆子
烤面包,216,烤面包,烤面包
状元糕,216,状元-糕,状元-糕
芝士h豆腐,216,芝士-h-豆腐,芝士-h-豆腐
薄烧肥牛,216,薄烧-肥牛,薄烧-肥牛
虾兵蟹将,216,虾兵蟹将,虾兵蟹将
蛋黄南瓜,216,蛋黄-南瓜,蛋黄-南瓜
锅魁盐煎肉,216,锅魁-盐-煎肉,锅魁-盐-煎肉
马家沟芹菜,216,马家沟-芹菜,马家沟-芹菜
官府豆腐,215,官府-豆腐,官府-豆腐
小盆栽,215,小-盆栽,小-盆栽
扒猪脸,215,扒-猪-脸,扒-猪-脸
招牌牛肉锅汤底,215,招牌-牛肉-锅汤-底,招牌-牛肉-锅汤-底
蕉叶烤鱼,215,蕉叶-烤鱼,蕉叶-烤鱼
酸辣笋尖粉,215,酸辣-笋尖-粉,酸辣-笋尖-粉
德式`肉c套餐,214,德式-`-肉c-套餐,德式-`-肉c-套餐
烤鲫鱼,214,烤-鲫鱼,烤-鲫鱼
酸辣鸡杂,214,酸辣-鸡杂,酸辣-鸡杂
铁板虾,214,铁板-虾,铁板-虾
顶级黑毛和牛,214,顶级-黑毛-和-牛,顶级-黑毛-和-牛
京八件,213,京-八件,京-八件
威哥虾饺皇,213,威哥-虾饺-皇,威哥-虾饺-皇
巴沙鱼片,213,巴-沙鱼-片,巴-沙鱼-片
江团,213,江团,江团
花卷,213,花卷,花卷
虾爆鳝面,213,虾-爆鳝-面,虾-爆鳝-面
一品海鲜粥砂锅,212,一品-海鲜-粥-砂锅,一品-海鲜-粥-砂锅
德国猪肘,212,德国-猪肘,德国-猪肘
手工水饺,212,手工-水饺,手工-水饺
拾年私房鱼,212,拾年-私房-鱼,拾年-私房-鱼
明虾,212,明虾,明虾
梅园鸡,212,梅园-鸡,梅园-鸡
母老虎,212,母老虎,母老虎
特味三角峰,212,特味-三角-峰,特味-三角-峰
碌鹅,212,碌-鹅,碌-鹅
唐宫金奖乳鸽,211,唐宫-金奖-乳鸽,唐宫-金奖-乳鸽
小象拔蚌拌秋葵,211,小-象拔蚌-拌-秋葵,小-象拔蚌-拌-秋葵
居家凉菜,211,居家-凉菜,居家-凉菜
扯面,211,扯面,扯面
生拌蓬蒿菜,211,生拌-蓬蒿-菜,生拌-蓬蒿-菜
茶树菇,211,茶树菇,茶树菇
蒸三鲜,211,蒸-三鲜,蒸-三鲜
跳钢管舞的鸡,211,跳-钢管舞-的-鸡,跳-钢管舞-的-鸡
香辣味,211,香-辣味,香-辣味
ㄉ菜煲,210,--生菜-煲,--生菜-煲
基围虾粥,210,基围-虾-粥,基围-虾-粥
小肋卷,210,小-肋-卷,小-肋-卷
泰式红咖喱,210,泰式-红-咖喱,泰式-红-咖喱
海蛎煎蛋,210,海蛎-煎蛋,海蛎-煎蛋
牛肉炖柿子,210,牛肉-炖-柿子,牛肉-炖-柿子
血鸭,210,血-鸭,血-鸭
卤鸭,209,卤鸭,卤鸭
大赢家,209,大赢家,大赢家
富春老鸭汤,209,富春老-鸭汤,富春老-鸭汤
惠灵顿牛排,209,惠灵顿-牛排,惠灵顿-牛排
李雪毛肚,209,李雪-毛肚,李雪-毛肚
沙拉,209,沙拉,沙拉
炝拌油麦菜,209,炝-拌-油麦-菜,炝-拌-油麦-菜
牛油果薰鸡肉沙拉,209,牛油果-薰-鸡肉-沙拉,牛油果-薰-鸡肉-沙拉
西红柿牛腩,209,西红柿-牛腩,西红柿-牛腩
阿五豆腐,209,阿五-豆腐,阿五-豆腐
全味虾球,208,全味-虾球,全味-虾球
双味鱼头,208,双味-鱼头,双味-鱼头
小厨虾球,208,小厨-虾球,小厨-虾球
小鱼锅贴,208,小鱼-锅贴,小鱼-锅贴
江南红烧肉,208,江南-红烧肉,江南-红烧肉
羊尾,208,羊尾,羊尾
面皮捞牛肉,208,面皮-捞-牛肉,面皮-捞-牛肉
鱿鱼,208,鱿鱼,鱿鱼
麻辣馋嘴牛蛙,208,麻辣-馋嘴-牛蛙,麻辣-馋嘴-牛蛙
串串,207,串串,串串
保真羊肉串,207,保真-羊肉串,保真-羊肉串
叉烧肠粉,207,叉烧-肠粉,叉烧-肠粉
咸蛋黄小龙虾,207,咸蛋-黄-小龙虾,咸蛋-黄-小龙虾
招牌炒饭,207,招牌-炒饭,招牌-炒饭
江湖鸭血,207,江湖-鸭血,江湖-鸭血
珍宝蟹,207,珍宝-蟹,珍宝-蟹
肉松蟹味菇,207,肉松-蟹味菇,肉松-蟹味菇
脆皮妙龄鸽,207,脆皮-妙龄-鸽,脆皮-妙龄-鸽
膏蟹海味面,207,膏蟹-海味-面,膏蟹-海味-面
茶树菇牛柳,207,茶树菇-牛柳,茶树菇-牛柳
酿豆腐,207,酿-豆腐,酿-豆腐
鲍鱼金汤牛腩面,207,鲍鱼-金汤-牛腩-面,鲍鱼-金汤-牛腩-面
烤湛江生蚝,206,烤-湛江-生-蚝,烤-湛江-生-蚝
特色嫩牛肉,206,特色-嫩-牛肉,特色-嫩-牛肉
双味山药,205,双味-山药,双味-山药
咖喱鸡肉饭,205,咖喱-鸡肉饭,咖喱-鸡肉饭
椒盐鸭下巴,205,椒盐-鸭-下巴,椒盐-鸭-下巴
烤肉串,205,烤肉串,烤肉串
青椒水煮巴沙鱼,205,青椒-水煮-巴-沙鱼,青椒-水煮-巴-沙鱼
一品鸡,204,一品-鸡,一品-鸡
三杯汁小土豆,204,三杯-汁-小土豆,三杯-汁-小土豆
三鲜锅贴,204,三鲜-锅贴,三鲜-锅贴
全羊锅,204,全羊-锅,全羊-锅
炭烧双Q,204,炭烧-双-Q,炭烧-双-Q
烤培根,204,烤-培根,烤-培根
糖醋黄鱼,204,糖醋-黄鱼,糖醋-黄鱼
至尊海鲜烩饭,204,至尊-海鲜-烩饭,至尊-海鲜-烩饭
芋蓉i仔包,204,芋蓉i-仔包,芋蓉i-仔包
芝麻汤圆,204,芝麻汤圆,芝麻汤圆
荷庭冷面鸡,204,荷庭-冷面-鸡,荷庭-冷面-鸡
香辣脊髓,204,香辣-脊髓,香辣-脊髓
麻酱,204,麻酱,麻酱
好味蒸凤爪,203,好味-蒸-凤爪,好味-蒸-凤爪
油焖小龙虾,203,油焖-小龙虾,油焖-小龙虾
特色碟,203,特色-碟,特色-碟
腊肉煲仔饭,203,腊肉-煲仔饭,腊肉-煲仔饭
宫廷红枣,202,宫廷-红枣,宫廷-红枣
斑鱼刺身,202,斑鱼-刺身,斑鱼-刺身
木瓜沙拉,202,木瓜-沙拉,木瓜-沙拉
沸腾清江鱼,202,沸腾-清江-鱼,沸腾-清江-鱼
道味水煮鱼,202,道味-水煮鱼,道味-水煮鱼
酸辣藕尖,202,酸辣-藕-尖,酸辣-藕-尖
醋木,202,醋木,醋木
韭菜盒子,202,韭菜-盒子,韭菜-盒子
麻酱凉皮,202,麻酱-凉皮,麻酱-凉皮
黑椒肥牛石锅饭,202,黑椒-肥牛-石锅-饭,黑椒-肥牛-石锅-饭
油饼,201,油饼,油饼
私家密制小肘,201,私家-密制-小肘,私家-密制-小肘
西北面筋,201,西北-面筋,西北-面筋
青椒鱼,201,青椒-鱼,青椒-鱼
古法蒸太湖白鱼,200,古法-蒸-太湖-白鱼,古法-蒸-太湖-白鱼
吊龙膀,200,吊龙膀,吊龙膀
河渡花鲢,200,河渡-花-鲢,河渡-花-鲢
满园春饼,200,满园-春饼,满园-春饼
竹笙菠菜饺,200,竹笙-菠菜-饺,竹笙-菠菜-饺
罐焖牛腩,200,罐焖-牛腩,罐焖-牛腩
虾丸,200,虾丸,虾丸
铁板烧,200,铁板烧,铁板烧
青红私房鸡,200,青红-私房-鸡,青红-私房-鸡
两江麻辣鱼,199,两江-麻辣-鱼,两江-麻辣-鱼
全家福,199,全家福,全家福
四重奏,199,四重奏,四重奏
扣三丝,199,扣-三丝,扣-三丝
探鱼春卷,199,探鱼-春卷,探鱼-春卷
极致卤鸡爪,199,极致-卤鸡-爪,极致-卤鸡-爪
肉夹膜,199,肉-夹膜,肉-夹膜
蒜泥龙虾,199,蒜泥-龙虾,蒜泥-龙虾
面条,199,面条,面条
马来风光,199,马来-风光,马来-风光
鱼翅,199,鱼翅,鱼翅
海鲜饭,198,海鲜-饭,海鲜-饭
炸虾仁,198,炸-虾仁,炸-虾仁
猪扒饭,198,猪扒-饭,猪扒-饭
白灼虾,198,白灼-虾,白灼-虾
盐烤虾,198,盐-烤-虾,盐-烤-虾
车仔面,198,车仔面,车仔面
丰茂小串,197,丰茂-小串,丰茂-小串
井冈山豆腐皮,197,井冈山-豆腐皮,井冈山-豆腐皮
八宝酱年糕,197,八宝-酱-年糕,八宝-酱-年糕
咖喱杂菜,197,咖喱-杂菜,咖喱-杂菜
手剥笋,197,手-剥笋,手-剥笋
手撕酥皮鸭,197,手-撕-酥皮-鸭,手-撕-酥皮-鸭
招牌佛跳墙,197,招牌-佛跳墙,招牌-佛跳墙
普罗旺斯h鸡排,197,普罗旺斯-h-鸡排,普罗旺斯-h-鸡排
栗子白菜,197,栗子-白菜,栗子-白菜
海肠饺子,197,海肠-饺子,海肠-饺子
爆肚儿,197,爆肚儿,爆肚儿
石锅银鳕鱼,197,石锅-银-鳕鱼,石锅-银-鳕鱼
老糖糍粑,197,老糖-糍粑,老糖-糍粑
金牌白糖糕,197,金牌-白糖-糕,金牌-白糖-糕
鸭肝,197,鸭肝,鸭肝
乳酪山药,196,乳酪-山药,乳酪-山药
五花肉卷金针菇,196,五花肉-卷-金针菇,五花肉-卷-金针菇
公主的素蟹粉,196,公主-的-素-蟹粉,公主-的-素-蟹粉
冬阴功海鲜,196,冬阴功-海鲜,冬阴功-海鲜
冰浸鳝片,196,冰浸-鳝片,冰浸-鳝片
宽塘牛蛙,196,宽塘-牛蛙,宽塘-牛蛙
椰子冻,196,椰子-冻,椰子-冻
浇汁鲈鱼,196,浇汁-鲈鱼,浇汁-鲈鱼
海鲜石锅泡饭,196,海鲜-石锅-泡饭,海鲜-石锅-泡饭
状元肉饼,196,状元-肉饼,状元-肉饼
笋干红烧肉,196,笋干-红烧肉,笋干-红烧肉
紫气东来,196,紫气东来,紫气东来
可乐鸡翅,195,可乐-鸡翅,可乐-鸡翅
土豆饼,195,土豆饼,土豆饼
小锅米饭,195,小锅-米饭,小锅-米饭
泰和虾饺皇,195,泰和-虾饺-皇,泰和-虾饺-皇
上海生煎包,194,上海-生煎包,上海-生煎包
拍黄瓜,194,拍-黄瓜,拍-黄瓜
泰式酸甜鸡翅,194,泰式-酸甜-鸡翅,泰式-酸甜-鸡翅
烟熏莳萝三文鱼脆饼,194,烟熏-莳萝-三文鱼-脆饼,烟熏-莳萝-三文鱼-脆饼
牛肉串,194,牛肉-串,牛肉-串
特色羊腿汤,194,特色-羊腿-汤,特色-羊腿-汤
玫瑰鲜花饼,194,玫瑰-鲜花-饼,玫瑰-鲜花-饼
鲜肉小笼,194,鲜肉-小笼,鲜肉-小笼
黄花鱼,194,黄花鱼,黄花鱼
三不沾,193,三-不-沾,三-不-沾
井冈山老l笋,193,井冈山-老-l笋,井冈山-老-l笋
大董酥不腻烤鸭,193,大董-酥-不腻-烤鸭,大董-酥-不腻-烤鸭
扒肉条,193,扒-肉条,扒-肉条
海鲜h饭,193,海鲜-h-饭,海鲜-h-饭
肉眼牛排,193,肉眼-牛排,肉眼-牛排
铁板,193,铁板,铁板
麻香牛排肉,193,麻香-牛排肉,麻香-牛排肉
平遥牛肉,192,平遥-牛肉,平遥-牛肉
招牌白菜,192,招牌-白菜,招牌-白菜
煎局海鲜鸡,192,煎局-海鲜-鸡,煎局-海鲜-鸡
牛蛙砂锅,192,牛蛙-砂锅,牛蛙-砂锅
生牛肉河粉,192,生-牛肉-河粉,生-牛肉-河粉
石锅芋艿,192,石锅-芋艿,石锅-芋艿
窝边草,192,窝边草,窝边草
米纸卷,192,米-纸卷,米-纸卷
蒸肠粉,192,蒸-肠粉,蒸-肠粉
酿皮子,192,酿皮子,酿皮子
鱼头泡面,192,鱼头-泡面,鱼头-泡面
主厨沙拉,191,主厨-沙拉,主厨-沙拉
成都冒菜,191,成都-冒菜,成都-冒菜
炸猪排,191,炸-猪排,炸-猪排
炸舌头鱼,191,炸-舌头-鱼,炸-舌头-鱼
红柳烤肉,191,红柳-烤肉,红柳-烤肉
羊腿,191,羊腿,羊腿
老太原铜火锅,191,老-太原-铜-火锅,老-太原-铜-火锅
西班牙海鲜饭,191,西班牙-海鲜-饭,西班牙-海鲜-饭
干锅系列,190,干锅-系列,干锅-系列
斑鱼锅,190,斑鱼-锅,斑鱼-锅
梨球虾,190,梨球-虾,梨球-虾
椒香野生菌,190,椒-香-野生-菌,椒-香-野生-菌
石蘑庐山石鸡,190,石蘑-庐山-石鸡,石蘑-庐山-石鸡
神仙鲶鱼,190,神仙-鲶鱼,神仙-鲶鱼
素菜王,190,素菜-王,素菜-王
金牌油条虾,190,金牌-油条-虾,金牌-油条-虾
冰草,189,冰草,冰草
宅门骨,189,宅门-骨,宅门-骨
暹罗酸辣锅,189,暹罗-酸辣-锅,暹罗-酸辣-锅
海鲜毛血旺,189,海鲜-毛血旺,海鲜-毛血旺
绝代双椒,189,绝代-双椒,绝代-双椒
虾酱豆角丝卷鸭饼,189,虾酱-豆角-丝卷-鸭-饼,虾酱-豆角-丝卷-鸭-饼
鱼丸汤,189,鱼丸汤,鱼丸汤
五彩饺子,188,五彩-饺子,五彩-饺子
古法鱼头王,188,古-法-鱼头-王,古-法-鱼头-王
大刀毛肚,188,大刀-毛肚,大刀-毛肚
对虾,188,对虾,对虾
秘制肥牛,188,秘制-肥牛,秘制-肥牛
腌萝卜,188,腌-萝卜,腌-萝卜
花雕醉鸡,188,花雕-醉鸡,花雕-醉鸡
茶香虾,188,茶香-虾,茶香-虾
蒙古粉条,188,蒙古-粉条,蒙古-粉条
虾酱大排,188,虾酱-大排,虾酱-大排
调味牛五花,188,调味-牛-五花,调味-牛-五花
酥皮大明虾,188,酥皮-大明-虾,酥皮-大明-虾
醋浇豆腐,188,醋-浇-豆腐,醋-浇-豆腐
金奖豆腐,188,金奖-豆腐,金奖-豆腐
孔门干肉,187,孔门-干肉,孔门-干肉
手工鲜虾滑,187,手工-鲜虾-滑,手工-鲜虾-滑
留香孜然小羊排,187,留香-孜然-小-羊排,留香-孜然-小-羊排
盆盆菜,187,盆-盆菜,盆-盆菜
稻香蛙,187,稻香-蛙,稻香-蛙
银丝饼,187,银丝-饼,银丝-饼
驴肉火烧,187,驴肉-火烧,驴肉-火烧
响油膳糊,186,响油-膳糊,响油-膳糊
小黄鱼,186,小黄鱼,小黄鱼
招牌叉烧,186,招牌-叉烧,招牌-叉烧
极品白肉,186,极品-白肉,极品-白肉
漠北红焖羊肉,186,漠北-红焖-羊肉,漠北-红焖-羊肉
百万大拌菜,186,百万-大拌-菜,百万-大拌-菜
粽子,186,粽子,粽子
老头儿油爆虾,186,老头儿-油爆-虾,老头儿-油爆-虾
花轿狮子头,186,花轿-狮子头,花轿-狮子头
香菜牛肉,186,香菜-牛肉,香菜-牛肉
冰镇龙虾,185,冰镇-龙虾,冰镇-龙虾
加东叻沙,185,加东-叻-沙,加东-叻-沙
小品琵琶鸭,185,小品-琵琶-鸭,小品-琵琶-鸭
干锅虾,185,干锅-虾,干锅-虾
烂糊面,185,烂糊-面,烂糊-面
窝蛋肥牛,185,窝蛋-肥牛,窝蛋-肥牛
G茶桂花糕,185,G茶-桂花-糕,G茶-桂花-糕
肉骨茶锅底,185,肉骨-茶-锅底,肉骨-茶-锅底
蜀香苕粉,185,蜀-香-苕-粉,蜀-香-苕-粉
雪梅酿,185,雪梅酿,雪梅酿
鳕鱼拼菜卷,185,鳕鱼-拼菜-卷,鳕鱼-拼菜-卷
串烧基围虾,184,串烧-基围-虾,串烧-基围-虾
小咸菜,184,小-咸菜,小-咸菜
悦蓉干锅牛蛙,184,悦蓉-干锅-牛蛙,悦蓉-干锅-牛蛙
泰式烤猪颈肉,184,泰式-烤-猪-颈-肉,泰式-烤-猪-颈-肉
海鲈鱼,184,海-鲈鱼,海-鲈鱼
火烧,184,火烧,火烧
秘制鸭下巴,184,秘制-鸭-下巴,秘制-鸭-下巴
金丝芥末虾球,184,金丝-芥末-虾球,金丝-芥末-虾球
金牌锅贴,184,金牌-锅贴,金牌-锅贴
金针菇肥牛,184,金针菇-肥牛,金针菇-肥牛
飞饼,184,飞饼,飞饼
鸡公煲,184,鸡公-煲,鸡公-煲
麻食,184,麻食,麻食
三鲜包子,183,三鲜-包子,三鲜-包子
俄式拌香鸡,183,俄式-拌-香鸡,俄式-拌-香鸡
土匪猪肝,183,土匪-猪肝,土匪-猪肝
小面,183,小面,小面
手打鲜虾滑,183,手打-鲜虾-滑,手打-鲜虾-滑
招牌口水鸡,183,招牌-口水鸡,招牌-口水鸡
春卷,183,春卷,春卷
木桶肥羊,183,木桶-肥羊,木桶-肥羊
白云猪手,183,白云-猪手,白云-猪手
石磨脱骨凤爪,183,石磨-脱骨-凤爪,石磨-脱骨-凤爪
芝士牛肉球,183,芝士-牛肉-球,芝士-牛肉-球
蹄花,183,蹄花,蹄花
马来宫保鸡,183,马来-宫保鸡,马来-宫保鸡
黄氏牛肉,183,黄氏-牛肉,黄氏-牛肉
水晶虾,182,水晶-虾,水晶-虾
汉水酸菜江团鱼,182,汉水-酸菜-江-团鱼,汉水-酸菜-江-团鱼
烧鸡公,182,烧鸡-公,烧鸡-公
糯米蒸排骨,182,糯米-蒸-排骨,糯米-蒸-排骨
紫苏平锅牛蛙,182,紫苏-平锅-牛蛙,紫苏-平锅-牛蛙
脆皮沙丹虾,182,脆皮-沙丹-虾,脆皮-沙丹-虾
蓉和葱椒鸡,182,蓉-和-葱-椒-鸡,蓉-和-葱-椒-鸡
铁板肥牛,182,铁板-肥牛,铁板-肥牛
销魂糯香掌,182,销魂-糯香掌,销魂-糯香掌
傣家烤罗非鱼,181,傣家-烤-罗非鱼,傣家-烤-罗非鱼
夏威夷牛肉汉堡,181,夏威夷-牛肉-汉堡,夏威夷-牛肉-汉堡
柠檬酸菜鱼,181,柠檬-酸菜鱼,柠檬-酸菜鱼
百姓大馄饨,181,百姓-大-馄饨,百姓-大-馄饨
脆骨,181,脆骨,脆骨
薯小弟,181,薯-小弟,薯-小弟
话梅仔排,181,话梅-仔排,话梅-仔排
鲜虾炸云吞,181,鲜虾-炸-云吞,鲜虾-炸-云吞
黄桃锅包肉,181,黄桃-锅包肉,黄桃-锅包肉
一四一六烤鸭,180,一四一六-烤鸭,一四一六-烤鸭
两面黄,180,两面-黄,两面-黄
八仙鸡汤馄饨,180,八仙-鸡汤-馄饨,八仙-鸡汤-馄饨
南汇蜜桃走地鸡,180,南汇-蜜桃-走-地-鸡,南汇-蜜桃-走-地-鸡
土豆,180,土豆,土豆
本帮熏鱼,180,本帮-熏鱼,本帮-熏鱼
条子肉,180,条子-肉,条子-肉
海鲜饼,180,海鲜-饼,海鲜-饼
米粑粑,180,米-粑-粑,米-粑-粑
粥底,180,粥-底,粥-底
红枣骨,180,红枣-骨,红枣-骨
红烧肉盖饭,180,红烧肉-盖饭,红烧肉-盖饭
肥牛石锅拌饭,180,肥牛-石锅-拌-饭,肥牛-石锅-拌-饭
荔湾艇仔粥,180,荔湾-艇-仔粥,荔湾-艇-仔粥
金网脆皮红米肠,180,金网-脆皮-红米肠,金网-脆皮-红米肠
丽湖扣肉,179,丽湖-扣肉,丽湖-扣肉
冷锅串串,179,冷锅-串串,冷锅-串串
土贡梅煎,179,土-贡梅-煎,土-贡梅-煎
小r,179,小-r,小-r
泰式手打虾饼,179,泰式-手打-虾饼,泰式-手打-虾饼
甜虾,179,甜虾,甜虾
万家第一碗,178,万家-第一碗,万家-第一碗
南昌炒米粉,178,南昌-炒-米粉,南昌-炒-米粉
栗子红花汁白菜,178,栗子-红花-汁-白菜,栗子-红花-汁-白菜
老妈茄子,178,老妈-茄子,老妈-茄子
肥肠,178,肥肠,肥肠
腐乳通菜,178,腐乳-通菜,腐乳-通菜
菠萝什果咕K肉,178,菠萝-什果-咕K肉,菠萝-什果-咕K肉
蒸海鲜,178,蒸-海鲜,蒸-海鲜
凤香蓉和,177,凤香蓉-和,凤香蓉-和
吃货们的菠萝油条,177,吃货-们-的-菠萝油-条,吃货-们-的-菠萝油-条
手抓猪蹄,177,手-抓-猪蹄,手-抓-猪蹄
星级叉烧,177,星级-叉烧,星级-叉烧
烤肠,177,烤肠,烤肠
熔岩火山蜜糖吐司,177,熔岩-火山-蜜糖-吐司,熔岩-火山-蜜糖-吐司
熔岩芝心肥牛,177,熔岩-芝心-肥牛,熔岩-芝心-肥牛
牛肉诱惑,177,牛肉-诱惑,牛肉-诱惑
特色烤肉,177,特色-烤肉,特色-烤肉
精品北京烤鸭,177,精品-北京烤鸭,精品-北京烤鸭
罗非鱼,177,罗非鱼,罗非鱼
腊味饭,177,腊味-饭,腊味-饭
虾粥,177,虾-粥,虾-粥
鲜锅兔,177,鲜锅-兔,鲜锅-兔
冰火菠萝包,176,冰火-菠萝包,冰火-菠萝包
山药,176,山药,山药
招牌油焖大虾,176,招牌-油焖-大虾,招牌-油焖-大虾
椰香脆皮鸡,176,椰-香脆-皮鸡,椰-香脆-皮鸡
生煎菜心,176,生-煎-菜心,生-煎-菜心
白鱼,176,白鱼,白鱼
虾仁炒疙瘩,176,虾仁-炒-疙瘩,虾仁-炒-疙瘩
虾肉汤包,176,虾肉-汤包,虾肉-汤包
豉汁蒸t鱼,176,豉汁-蒸-t-鱼,豉汁-蒸-t-鱼
一块豆腐,175,一块-豆腐,一块-豆腐
果木烤肉,175,果木-烤肉,果木-烤肉
苗王一味骨,175,苗王-一味-骨,苗王-一味-骨
茉莉花炒蛋,175,茉莉花-炒蛋,茉莉花-炒蛋
莓心莓肺,175,莓心莓-肺,莓心莓-肺
葱烤鸦片鱼头,175,葱-烤-鸦片-鱼头,葱-烤-鸦片-鱼头
蒜蓉龙虾,175,蒜蓉-龙虾,蒜蓉-龙虾
黑拉皮,175,黑-拉皮,黑-拉皮
70椒麻鸡,174,70-椒-麻鸡,70-椒-麻鸡
三杯虾,174,三杯-虾,三杯-虾
山丘虾饺皇,174,山丘-虾饺-皇,山丘-虾饺-皇
想吃小土豆,174,想-吃-小土豆,想-吃-小土豆
招牌咖喱虾,174,招牌-咖喱-虾,招牌-咖喱-虾
柠檬鸡,174,柠檬-鸡,柠檬-鸡
泡菜鱼,174,泡菜-鱼,泡菜-鱼
版纳傣味烤罗非鱼,174,版纳-傣味-烤-罗非鱼,版纳-傣味-烤-罗非鱼
番茄牛魔王,174,番茄-牛魔王,番茄-牛魔王
肉龙,174,肉龙,肉龙
铁板蒜香虾,174,铁板-蒜-香-虾,铁板-蒜-香-虾
东北拉皮,173,东北-拉皮,东北-拉皮
乡村米粑,173,乡村-米-粑,乡村-米-粑
奶皇包,173,奶皇包,奶皇包
姥姥家臊子面,173,姥姥家-臊子-面,姥姥家-臊子-面
极品千层肚,173,极品-千层-肚,极品-千层-肚
蒜蓉大虾,173,蒜蓉-大虾,蒜蓉-大虾
来自星星的提拉米苏,172,来自-星星-的-提拉-米苏,来自-星星-的-提拉-米苏
水晶河虾仁,172,水晶-河-虾仁,水晶-河-虾仁
涮肚,172,涮肚,涮肚
潘金莲咸菜,172,潘金莲-咸菜,潘金莲-咸菜
竹筒鸡,172,竹筒-鸡,竹筒-鸡
老肉片,172,老-肉片,老-肉片
芝麻烧饼,172,芝麻-烧饼,芝麻-烧饼
蔬菜色拉,172,蔬菜-色拉,蔬菜-色拉
大黄鱼,171,大黄鱼,大黄鱼
巴沙鱼,171,巴-沙鱼,巴-沙鱼
招牌烧鹅,171,招牌-烧鹅,招牌-烧鹅
杂菌饵块,171,杂菌-饵块,杂菌-饵块
洪湖泡藕尖,171,洪湖-泡-藕-尖,洪湖-泡-藕-尖
海鲜火锅,171,海鲜-火锅,海鲜-火锅
蒜蓉粉丝生蚝,171,蒜蓉-粉丝-生-蚝,蒜蓉-粉丝-生-蚝
蛋黄豆腐,171,蛋黄-豆腐,蛋黄-豆腐
谁动了我的豆腐,171,谁动-了-我-的-豆腐,谁动-了-我-的-豆腐
那府干酪鱼,171,那府-干酪-鱼,那府-干酪-鱼
金牌鲜虾饺皇,171,金牌-鲜-虾饺-皇,金牌-鲜-虾饺-皇
韩国牛肉粒,171,韩国-牛肉-粒,韩国-牛肉-粒
鸭肉面线,171,鸭肉-面线,鸭肉-面线
麻小,171,麻小,麻小
3元土豆丝,170,3-元-土豆丝,3-元-土豆丝
三少酥皮虾,170,三少-酥皮-虾,三少-酥皮-虾
咖喱黄炒蟹,170,咖喱-黄-炒-蟹,咖喱-黄-炒-蟹
孜然酥香羊排,170,孜然-酥-香-羊排,孜然-酥-香-羊排
油淋鸡,170,油淋鸡,油淋鸡
第一鸡,170,第一-鸡,第一-鸡
腐乳空心菜,170,腐乳-空心菜,腐乳-空心菜
腰花,170,腰花,腰花
芥香虾球,170,芥香-虾球,芥香-虾球
螺丝,170,螺丝,螺丝
西冷牛排,170,西冷-牛排,西冷-牛排
鲜蔬豆腐,170,鲜蔬-豆腐,鲜蔬-豆腐
黄猴,170,黄猴,黄猴
半只鸡,169,半只-鸡,半只-鸡
旺角菠萝油包,169,旺角-菠萝油-包,旺角-菠萝油-包
明湖烤鸭,169,明湖-烤鸭,明湖-烤鸭
极品江石滚肥牛,169,极品-江石-滚-肥牛,极品-江石-滚-肥牛
炭烤生蚝,169,炭-烤生-蚝,炭-烤生-蚝
白灼板蓝根,169,白灼-板蓝根,白灼-板蓝根
稻香馋嘴蛙,169,稻香-馋嘴-蛙,稻香-馋嘴-蛙
竹荪虾滑,169,竹荪-虾-滑,竹荪-虾-滑
糖饼,169,糖饼,糖饼
胡辣汤,169,胡辣汤,胡辣汤
藕拖,169,藕-拖,藕-拖
赤豆糊小圆子,169,赤豆-糊小-圆子,赤豆-糊小-圆子
超级大麻球,169,超级-大麻-球,超级-大麻-球
金牌厚多士,169,金牌-厚多士,金牌-厚多士
馒头,169,馒头,馒头
骨头,169,骨头,骨头
三杯鸭,168,三杯-鸭,三杯-鸭
八宝辣酱年糕,168,八宝-辣酱-年糕,八宝-辣酱-年糕
功夫面,168,功夫-面,功夫-面
大丰收,168,大丰收,大丰收
岩烤猪蹄,168,岩烤-猪蹄,岩烤-猪蹄
摇滚拉皮,168,摇滚-拉皮,摇滚-拉皮
民间罐闷鸡,168,民间-罐闷-鸡,民间-罐闷-鸡
油泼扇贝,168,油泼-扇贝,油泼-扇贝
芝士南瓜红薯,168,芝士-南瓜-红薯,芝士-南瓜-红薯
鸭溪排骨,168,鸭溪-排骨,鸭溪-排骨
冰与火之歌,167,冰-与-火之歌,冰-与-火之歌
手撕风味大头菜,167,手-撕-风味-大头菜,手-撕-风味-大头菜
手撕鸡拌面,167,手-撕-鸡-拌面,手-撕-鸡-拌面
极品嫩牛肉,167,极品-嫩-牛肉,极品-嫩-牛肉
潮汕炸豆腐皮,167,潮汕-炸-豆腐皮,潮汕-炸-豆腐皮
碳烤排骨,167,碳-烤-排骨,碳-烤-排骨
绝对鲶鱼,167,绝对-鲶鱼,绝对-鲶鱼
膏蟹干贝粥,167,膏蟹-干贝-粥,膏蟹-干贝-粥
菌汤气锅鸡,167,菌-汤-气锅鸡,菌-汤-气锅鸡
葱油螺片,167,葱油-螺片,葱油-螺片
鱼片粥,167,鱼片-粥,鱼片-粥
三鲜烧麦,166,三鲜-烧麦,三鲜-烧麦
咖喱酱虾,166,咖喱-酱-虾,咖喱-酱-虾
大花卷,166,大-花卷,大-花卷
燃面,166,燃面,燃面
菠萝虾球,166,菠萝-虾球,菠萝-虾球
酱醋鲈鱼,166,酱-醋-鲈鱼,酱-醋-鲈鱼
麻辣青春,166,麻辣-青春,麻辣-青春
五彩茄子,165,五彩-茄子,五彩-茄子
传统酱碗,165,传统-酱碗,传统-酱碗
孜然牛排,165,孜然-牛排,孜然-牛排
木瓜酥,165,木瓜-酥,木瓜-酥
灌汤墨鱼球,165,灌汤-墨鱼-球,灌汤-墨鱼-球
烤肘子,165,烤-肘子,烤-肘子
牛肉汉堡,165,牛肉-汉堡,牛肉-汉堡
蒸排骨,165,蒸-排骨,蒸-排骨
蜜汁烤肉,165,蜜汁-烤肉,蜜汁-烤肉
野菌汤,165,野菌-汤,野菌-汤
面拖大排骨,165,面拖大-排骨,面拖大-排骨
鸭汤,165,鸭汤,鸭汤
兔腿,164,兔腿,兔腿
婺江鱼,164,婺江鱼,婺江鱼
花家料理桂花鱼,164,花家-料理-桂花-鱼,花家-料理-桂花-鱼
莲藕煲,164,莲藕-煲,莲藕-煲
酱椒鱼头,164,酱椒-鱼头,酱椒-鱼头
不一样的里脊,163,不-一样-的-里脊,不-一样-的-里脊
五花排骨肉,163,五花-排-骨肉,五花-排-骨肉
划小白菜,163,划-小白菜,划-小白菜
煲,163,--煲,--煲
头菜爆螺片,163,头菜-爆螺片,头菜-爆螺片
拌羊脸,163,拌-羊-脸,拌-羊-脸
海蛎煎,163,海蛎-煎,海蛎-煎
秘汁鸡排,163,秘汁-鸡排,秘汁-鸡排
芝士h龙虾,163,芝士-h-龙虾,芝士-h-龙虾
蓝莲茶香肉,163,蓝莲-茶香-肉,蓝莲-茶香-肉
鲜蘑芝士卷,163,鲜蘑-芝士-卷,鲜蘑-芝士-卷
刘家神仙鸡,162,刘家-神仙-鸡,刘家-神仙-鸡
圣子皇,162,圣子-皇,圣子-皇
意式肉酱面,162,意式-肉酱-面,意式-肉酱-面
桂花糯米藕,162,桂花-糯米-藕,桂花-糯米-藕
水煮龙利鱼,162,水煮-龙利鱼,水煮-龙利鱼
潮州煎蚝烙,162,潮州-煎-蚝-烙,潮州-煎-蚝-烙
焖面,162,焖-面,焖-面
牛肉粉,162,牛肉-粉,牛肉-粉
粉丝鹅掌,162,粉丝-鹅掌,粉丝-鹅掌
精品羊蝎子,162,精品-羊蝎子,精品-羊蝎子
脆皮烧鹅,162,脆皮-烧鹅,脆皮-烧鹅
锡蒙特色羊肉串,162,锡蒙-特色-羊肉串,锡蒙-特色-羊肉串
鲍汁鹅掌,162,鲍汁-鹅掌,鲍汁-鹅掌
一口酥豆腐,161,一口-酥-豆腐,一口-酥-豆腐
主厨秘制鱼头,161,主厨-秘制-鱼头,主厨-秘制-鱼头
俄式传统大咧吧,161,俄式-传统-大咧-吧,俄式-传统-大咧-吧
午餐肉,161,午餐肉,午餐肉
毛肚锅,161,毛肚-锅,毛肚-锅
海鲜卷,161,海鲜-卷,海鲜-卷
番茄牛腩,161,番茄-牛腩,番茄-牛腩
肥胼,161,肥-胼,肥-胼
花椒肥牛,161,花椒-肥牛,花椒-肥牛
血肠,161,血肠,血肠
超越火锅鸡,161,超越-火锅-鸡,超越-火锅-鸡
金牌烧鸭,161,金牌-烧鸭,金牌-烧鸭
锦城精排,161,锦城-精排,锦城-精排
鲜羊肉,161,鲜-羊肉,鲜-羊肉
鹿儿软猪骨,161,鹿儿-软猪-骨,鹿儿-软猪-骨
八府香鸭,160,八府-香-鸭,八府-香-鸭
地道剁椒鱼头,160,地道-剁-椒-鱼头,地道-剁-椒-鱼头
奶香饼,160,奶-香饼,奶-香饼
宫保脆皮大虾,160,宫保-脆皮-大虾,宫保-脆皮-大虾
干锅娃娃菜,160,干锅-娃娃-菜,干锅-娃娃-菜
干锅肥肠,160,干锅-肥肠,干锅-肥肠
牛油鸳鸯锅底,160,牛油-鸳鸯-锅底,牛油-鸳鸯-锅底
田螺,160,田螺,田螺
白切羊肉,160,白切-羊肉,白切-羊肉
砂锅牛肉,160,砂锅-牛肉,砂锅-牛肉
红糖锅盔,160,红糖-锅盔,红糖-锅盔
羊蝎子火锅,160,羊蝎子-火锅,羊蝎子-火锅
酱爆香螺,160,酱-爆香螺,酱爆香螺
顺溜鸡,160,顺溜-鸡,顺溜-鸡
麻什,160,麻什,麻什
黄鱼春卷,160,黄鱼-春卷,黄鱼-春卷
乳鸽h饭,159,乳鸽-h-饭,乳鸽-h-饭
大骨棒,159,大骨棒,大骨棒
干锅鸭头,159,干锅-鸭头,干锅-鸭头
招牌鸡,159,招牌-鸡,招牌-鸡
炒牛河,159,炒牛河,炒牛河
耗儿鱼,159,耗儿-鱼,耗儿-鱼
蒜香油馍,159,蒜-香油-馍,蒜-香油-馍
驴打滚,159,驴打滚,驴打滚
麻辣馋嘴蛙,159,麻辣-馋嘴-蛙,麻辣-馋嘴-蛙
小镇面包,158,小镇-面包,小镇-面包
惊喜路边脆炸鸡,158,惊喜-路边-脆-炸鸡,惊喜-路边-脆-炸鸡
烤面包片,158,烤面包片,烤面包片
烧麦,158,烧麦,烧麦
牛肋条,158,牛-肋条,牛-肋条
碧螺手剥河虾仁,158,碧螺-手-剥河-虾仁,碧螺-手-剥河-虾仁
稀饭,158,稀饭,稀饭
虾皇肠粉,158,虾皇-肠粉,虾皇-肠粉
豆汤饭,158,豆-汤饭,豆-汤饭
麻酱酿皮,158,麻酱-酿皮,麻酱-酿皮
龙虾汤面疙瘩,158,龙虾-汤-面疙瘩,龙虾-汤-面疙瘩
千层饼,157,千层饼,千层饼
海鲜饺子,157,海鲜-饺子,海鲜-饺子
火焰烤酥肉,157,火焰-烤-酥-肉,火焰-烤-酥-肉
糊涂面,157,糊涂-面,糊涂-面
老干妈荷包蛋,157,老干妈-荷包蛋,老干妈-荷包蛋
老鸭面,157,老鸭-面,老鸭-面
野菌排骨汤锅,157,野菌-排骨汤-锅,野菌-排骨汤-锅
鸡汤捞面线,157,鸡汤-捞-面线,鸡汤-捞-面线
世宁流沙豆泥,156,世宁-流沙-豆泥,世宁-流沙-豆泥
京味龙虾,156,京味-龙虾,京味-龙虾
厚切牛舌,156,厚切-牛舌,厚切-牛舌
大碗花菜,156,大碗-花菜,大碗-花菜
排骨馅包子,156,排骨-馅-包子,排骨-馅-包子
晾衣架土豆丝,156,晾衣架-土豆丝,晾衣架-土豆丝
老陕菜,156,老-陕菜,老-陕菜
豆花鱼,156,豆花-鱼,豆花-鱼
象形榴莲酥,156,象形-榴莲-酥,象形-榴莲-酥
青木瓜沙拉,156,青木瓜-沙拉,青木瓜-沙拉
青辣椒水煮巴沙鱼,156,青-辣椒水-煮-巴-沙鱼,青-辣椒水-煮-巴-沙鱼
鱼汤小刀面,156,鱼汤-小刀-面,鱼汤-小刀-面
麻辣冷面鸡,156,麻辣-冷面-鸡,麻辣-冷面-鸡
功夫汤,155,功夫-汤,功夫-汤
海鲜叻沙边炉,155,海鲜-叻-沙-边炉,海鲜-叻-沙-边炉
珍珠圆子,155,珍珠-圆子,珍珠-圆子
石磨豆腐,155,石-磨豆腐,石-磨豆腐
葱香豉皇雪花鱼,155,葱香豉-皇-雪花-鱼,葱香豉-皇-雪花-鱼
馅饼,155,馅饼,馅饼
香油润鱼,155,香油-润鱼,香油-润鱼
黑椒牛肉,155,黑椒-牛肉,黑椒-牛肉
三色凉皮,154,三-色-凉皮,三-色-凉皮
客家煎酿豆腐,154,客家-煎酿-豆腐,客家-煎酿-豆腐
川霸腰花,154,川霸-腰花,川霸-腰花
巧克力熔岩,154,巧克力-熔岩,巧克力-熔岩
手打牛肉丸汤,154,手打-牛肉丸-汤,手打-牛肉丸-汤
来一桶,154,来-一桶,来-一桶
毛蟹年糕,154,毛蟹-年糕,毛蟹-年糕
炖吊子,154,炖-吊子,炖-吊子
焦熘丸子,154,焦-熘-丸子,焦-熘-丸子
牛蛙煲,154,牛蛙-煲,牛蛙-煲
特色花馍,154,特色-花馍,特色-花馍
蛋煎糍粑,154,蛋-煎-糍粑,蛋-煎-糍粑
阳光卷,154,阳光-卷,阳光-卷
香叶鸡翅,154,香叶-鸡翅,香叶-鸡翅
呛腰花,153,呛-腰花,呛-腰花
招牌牛肉烧饼,153,招牌-牛肉-烧饼,招牌-牛肉-烧饼
泡菜,153,泡菜,泡菜
澳洲牛肋肉,153,澳洲-牛-肋-肉,澳洲-牛-肋-肉
煎酿豆腐,153,煎酿-豆腐,煎酿-豆腐
秘u三文~,153,秘u-三文-~,秘u-三文-~
糯香鸭掌,153,糯香-鸭掌,糯香-鸭掌
酱油麻麻鸡,153,酱油-麻麻-鸡,酱油-麻麻-鸡
香茅烤罗非鱼,153,香茅-烤-罗非鱼,香茅-烤-罗非鱼
南昌炒粉,152,南昌-炒粉,南昌-炒粉
卜卜甲,152,卜-卜甲,卜-卜甲
大馇子粥,152,大-馇-子-粥,大-馇-子-粥
小城小炒,152,小城-小炒,小城-小炒
小鲍捞饭,152,小-鲍-捞饭,小-鲍-捞饭
必点油鸡饭,152,必点-油鸡-饭,必点-油鸡-饭
木桶蛋挞,152,木桶-蛋挞,木桶-蛋挞
烧鹅饭,152,烧鹅-饭,烧鹅-饭
王婆大虾,152,王婆-大虾,王婆-大虾
甜虾刺身,152,甜虾-刺身,甜虾-刺身
竹笙椰子鸡,152,竹笙-椰子-鸡,竹笙-椰子-鸡
羊棒骨,152,羊棒骨,羊棒骨
芝士千层豆腐,152,芝士-千层-豆腐,芝士-千层-豆腐
酥皮菠萝油,152,酥皮-菠萝油,酥皮-菠萝油
面包的诱惑,152,面包-的-诱惑,面包-的-诱惑
鱼香茄子煲,152,鱼香茄子-煲,鱼香茄子-煲
鸿运当头,152,鸿运-当头,鸿运-当头
台湾三杯鸡,151,台湾-三杯-鸡,台湾-三杯-鸡
松子鸭蛋黄,151,松子-鸭蛋-黄,松子-鸭蛋-黄
灶台鱼,151,灶台-鱼,灶台-鱼
秘制烤羔羊排,151,秘制-烤-羔羊-排,秘制-烤-羔羊-排
红柳大串,151,红柳-大串,红柳-大串
荔枝香辣,151,荔枝-香辣,荔枝-香辣
菊花鱼,151,菊花-鱼,菊花-鱼
鸡油生炒菜心,151,鸡油生-炒菜-心,鸡油生-炒菜-心
三鲜锅巴,150,三鲜-锅巴,三鲜-锅巴
五颜六色,150,五颜六色,五颜六色
京烧羊肉,150,京烧-羊肉,京烧-羊肉
大饼,150,大饼,大饼
奶酪鱼,150,奶酪-鱼,奶酪-鱼
小郡肝,150,小郡-肝,小郡-肝
川串儿,150,川-串儿,川-串儿
开背虾,150,开背-虾,开背-虾
抗氧化沙拉,150,抗氧化-沙拉,抗氧化-沙拉
柠檬鸭,150,柠檬-鸭,柠檬-鸭
榄菜肉末四季豆,150,榄-菜-肉末-四季豆,榄-菜-肉末-四季豆
烤鸭舌,150,烤鸭-舌,烤鸭-舌
生烤羊肉串,150,生-烤羊肉串,生-烤羊肉串
盐酥九肚鱼,150,盐-酥-九肚鱼,盐-酥-九肚鱼
秘制羊肉,150,秘制-羊肉,秘制-羊肉
秦派葫芦鸡,150,秦派-葫芦-鸡,秦派-葫芦-鸡
红烧萝卜,150,红烧-萝卜,红烧-萝卜
苏小妹红烧肉,150,苏-小妹-红烧肉,苏-小妹-红烧肉
酱油饭,150,酱油-饭,酱油-饭
铜锅焖饭,150,铜锅-焖饭,铜锅-焖饭
鱼香茄子,150,鱼香茄子,鱼香茄子
一哥猪排饭,149,一哥-猪排-饭,一哥-猪排-饭
一锅鲜,149,一锅鲜,一锅鲜
先吃个豆腐,149,先吃个-豆腐,先吃个-豆腐
咸蛋黄排条,149,咸蛋-黄排-条,咸蛋-黄排-条
土盆烤肥牛,149,土盆-烤-肥牛,土盆-烤-肥牛
大头菜炒螺片,149,大头菜-炒螺片,大头菜-炒螺片
尚品青椒鱼,149,尚品-青椒-鱼,尚品-青椒-鱼
散养鸡,149,散-养鸡,散-养鸡
文和友龙虾,149,文和友-龙虾,文和友-龙虾
新疆香馕,149,新疆-香-馕,新疆-香-馕
潮州肉骨茶,149,潮州-肉骨-茶,潮州-肉骨-茶
状元粥,149,状元-粥,状元-粥
碟鱼头,149,碟-鱼头,碟-鱼头
红油耗儿鱼,149,红-油耗-儿鱼,红-油耗-儿鱼
红烧牛窝骨,149,红烧-牛窝骨,红烧-牛窝骨
茄子,149,茄子,茄子
菊花茄子,149,菊花-茄子,菊花-茄子
蛎虾水饺,149,蛎-虾-水饺,蛎-虾-水饺
豆沙包,149,豆沙包,豆沙包
重庆水煮鱼片,149,重庆-水煮鱼-片,重庆-水煮鱼-片
香煎山地鸡,149,香-煎-山地-鸡,香-煎-山地-鸡
麻酱牛肚,149,麻酱-牛肚,麻酱-牛肚
三丁包,148,三丁包,三丁包
乡巴佬鱼头,148,乡巴佬-鱼头,乡巴佬-鱼头
咖喱牛腩饭,148,咖喱-牛腩饭,咖喱-牛腩饭
妈妈的糍粑,148,妈妈-的-糍粑,妈妈-的-糍粑
妈妈黄米烙,148,妈妈-黄米-烙,妈妈-黄米-烙
干煸红烧肉,148,干-煸-红烧肉,干-煸-红烧肉
干锅千页豆腐,148,干锅-千页-豆腐,干锅-千页-豆腐
桃之夭夭,148,桃之夭夭,桃之夭夭
清蒸螃蟹,148,清蒸-螃蟹,清蒸-螃蟹
生吃蟹肉,148,生吃-蟹肉,生吃-蟹肉
目鱼烤肉,148,目鱼-烤肉,目鱼-烤肉
虾贝组合,148,虾贝-组合,虾贝-组合
蟹腿,148,蟹-腿,蟹-腿
土鸡,147,土鸡,土鸡
招牌臭鲑鱼,147,招牌-臭-鲑鱼,招牌-臭-鲑鱼
栗子红烧肉,147,栗子-红烧肉,栗子-红烧肉
海皇自制豆腐,147,海皇-自制-豆腐,海皇-自制-豆腐
牛尾汤,147,牛尾汤,牛尾汤
蒜蓉粉丝蒸元贝,147,蒜蓉-粉丝-蒸元贝,蒜蓉-粉丝-蒸元贝
香芋地瓜丸,147,香芋-地瓜-丸,香芋-地瓜-丸
鲍汁萝卜,147,鲍汁-萝卜,鲍汁-萝卜
五哥烤翅,146,五哥-烤-翅,五哥-烤-翅
元年第一罐,146,元年-第一罐,元年-第一罐
参汤虾饺皇,146,参汤-虾饺-皇,参汤-虾饺-皇
多士,146,多士,多士
姜母鸭,146,姜-母鸭,姜-母鸭
碧螺春虾仁,146,碧螺春-虾仁,碧螺春-虾仁
葡式蛋挞,146,葡式-蛋挞,葡式-蛋挞
蒜香基围虾,146,蒜香-基围-虾,蒜香-基围-虾
金牌炭烧猪颈肉,146,金牌-炭烧-猪颈肉,金牌-炭烧-猪颈肉
铁板芋艿,146,铁板-芋艿,铁板-芋艿
香辣龙虾,146,香辣-龙虾,香辣-龙虾
凤尾虾,145,凤尾-虾,凤尾-虾
墨西哥鸡肉烤饼,145,墨西哥-鸡肉-烤饼,墨西哥-鸡肉-烤饼
天麻鱼唇拆烩鱼头,145,天麻-鱼唇-拆-烩-鱼头,天麻-鱼唇-拆-烩-鱼头
德国香肠,145,德国-香肠,德国-香肠
水豆腐,145,水豆腐,水豆腐
泰式咖喱味烤鱼,145,泰式-咖喱-味-烤鱼,泰式-咖喱-味-烤鱼
港式菠萝油,145,港式-菠萝油,港式-菠萝油
燃烧吧,145,燃烧-吧,燃烧-吧
特色肥叉烧,145,特色-肥-叉烧,特色-肥-叉烧
美容蹄,145,美容-蹄,美容-蹄
肉酱意粉,145,肉酱-意粉,肉酱-意粉
自选蔬菜,145,自选-蔬菜,自选-蔬菜
萝卜大骨汤,145,萝卜-大骨-汤,萝卜-大骨-汤
表哥虾饺皇,145,表哥-虾饺-皇,表哥-虾饺-皇
跨炖鱼,145,跨-炖鱼,跨-炖鱼
铁板海皇h豆腐,145,铁板-海皇-h-豆腐,铁板-海皇-h-豆腐
香芋蒸排骨,145,香芋-蒸-排骨,香芋-蒸-排骨
香辣鱿鱼,145,香辣-鱿鱼,香辣-鱿鱼
鱼汤,145,鱼汤,鱼汤
上海熏鱼,144,上海-熏鱼,上海-熏鱼
云腾鸡中翅,144,云腾-鸡-中-翅,云腾-鸡-中-翅
原汁牛肉,144,原汁-牛肉,原汁-牛肉
嘎巴锅,144,嘎巴-锅,嘎巴-锅
囊包肉,144,囊-包肉,囊-包肉
招牌肉食主义披萨,144,招牌-肉食-主义-披萨,招牌-肉食-主义-披萨
新疆羊肉串,144,新疆-羊肉串,新疆-羊肉串
木屋小串,144,木屋-小串,木屋-小串
水晶鲜虾饺,144,水晶-鲜-虾饺,水晶-鲜-虾饺
煲蒸饭,144,煲-蒸饭,煲-蒸饭
白切散养鸡,144,白切-散-养鸡,白切-散-养鸡
皇上皇煲仔饭,144,皇上-皇-煲仔饭,皇上-皇-煲仔饭
碳烤牛蛙,144,碳-烤-牛蛙,碳-烤-牛蛙
红烧鲤鱼,144,红烧-鲤鱼,红烧-鲤鱼
草莓酱渍小排,144,草莓酱-渍-小排,草莓酱-渍-小排
西班牙鲜虾煲,144,西班牙-鲜虾-煲,西班牙-鲜虾-煲
阿五炒饭,144,阿五-炒饭,阿五-炒饭
鲜油菠萝包,144,鲜油-菠萝包,鲜油-菠萝包
鲽鱼头,144,鲽-鱼头,鲽-鱼头
麻椒鸡,144,麻椒-鸡,麻椒-鸡
任性酸菜鱼,143,任性-酸菜鱼,任性-酸菜鱼
冰菜,143,冰菜,冰菜
古法醋烧鸡,143,古法-醋-烧鸡,古法-醋-烧鸡
咖喱炒膏蟹,143,咖喱-炒-膏蟹,咖喱-炒-膏蟹
大酱汤,143,大-酱汤,大-酱汤
天目湖鱼头,143,天目湖-鱼头,天目湖-鱼头
杂鱼鼎,143,杂鱼-鼎,杂鱼-鼎
海鲜全家福汤包,143,海鲜-全家福-汤包,海鲜-全家福-汤包
私房鸡,143,私房-鸡,私房-鸡
糯米蒸膏蟹,143,糯米-蒸-膏蟹,糯米-蒸-膏蟹
苗家三绝,143,苗家-三绝,苗家-三绝
阿杜一绝鱼头煲,143,阿杜一绝-鱼头-煲,阿杜一绝-鱼头-煲
鱼香味烤鱼,143,鱼-香味-烤鱼,鱼-香味-烤鱼
鲜肉汤圆,143,鲜肉-汤圆,鲜肉-汤圆
鲜青椒味,143,鲜-青椒-味,鲜-青椒-味
鸭唇,143,鸭唇,鸭唇
三鲜面疙瘩,142,三鲜-面疙瘩,三鲜-面疙瘩
古法烧黄鱼,142,古法-烧-黄鱼,古法-烧-黄鱼
左宗棠鸡,142,左宗棠-鸡,左宗棠-鸡
手工饺子,142,手工-饺子,手工-饺子
柠檬黄油加吉鱼,142,柠檬黄-油-加吉鱼,柠檬黄-油-加吉鱼
焦香羊排,142,焦香-羊排,焦香-羊排
牛肉烧饼,142,牛肉-烧饼,牛肉-烧饼
酸辣汤,142,酸辣汤,酸辣汤
龙抄手,142,龙抄手,龙抄手
串烧竹篮虾,141,串烧-竹篮-虾,串烧-竹篮-虾
冰烧三层肉,141,冰烧-三层-肉,冰烧-三层-肉
培根金针菇,141,培根-金针菇,培根-金针菇
大力丸,141,大力-丸,大力-丸
招牌水晶鸡,141,招牌-水晶-鸡,招牌-水晶-鸡
木桶豆腐,141,木桶-豆腐,木桶-豆腐
榴莲阿紫,141,榴莲-阿紫,榴莲-阿紫
溪塘鱼片,141,溪-塘鱼-片,溪-塘鱼-片
芝士肠,141,芝士-肠,芝士-肠
虾仁独面筋,141,虾仁-独-面筋,虾仁-独-面筋
豉油虾,141,豉油-虾,豉油-虾
贴饼子,141,贴饼子,贴饼子
鸟巢鸭蹼,141,鸟巢-鸭蹼,鸟巢-鸭蹼
上汤娃娃菜,140,上-汤-娃娃-菜,上-汤-娃娃-菜
乌江鱼,140,乌江-鱼,乌江-鱼
咖喱h薯泥,140,咖喱-h-薯泥,咖喱-h-薯泥
坛子红烧肉,140,坛子-红烧肉,坛子-红烧肉
娃娃菜,140,娃娃-菜,娃娃-菜
法式鹅肝,140,法式-鹅-肝,法式-鹅-肝
泡泡油糕,140,泡泡-油糕,泡泡-油糕
炉火烤梅肉,140,炉火-烤梅肉,炉火-烤梅肉
煎鹅肝,140,煎鹅肝,煎鹅肝
牛首,140,牛首,牛首
糖醋海蛰头,140,糖醋-海蛰-头,糖醋-海蛰-头
红柳枝烤肉,140,红-柳枝-烤肉,红-柳枝-烤肉
翡翠豆腐,140,翡翠-豆腐,翡翠-豆腐
芥末虾仁,140,芥末-虾仁,芥末-虾仁
金牌咖喱鸡,140,金牌-咖喱鸡,金牌-咖喱鸡
鲜花饼,140,鲜花-饼,鲜花-饼
ＸＯ酱炒陈村粉,140,Ｘ-Ｏ-酱-炒-陈村粉,Ｘ-Ｏ-酱-炒-陈村粉
一品大拉皮,139,一品-大-拉皮,一品-大-拉皮
东安子鸡,139,东安-子鸡,东安-子鸡
八爪鱼刺身,139,八爪-鱼刺-身,八爪-鱼刺-身
兰溪煨萝卜,139,兰溪-煨-萝卜,兰溪-煨-萝卜
小鲍鱼,139,小-鲍鱼,小-鲍鱼
山楂小排,139,山楂-小排,山楂-小排
桂花酒酿园子,139,桂花-酒酿-园子,桂花-酒酿-园子
梅干菜扣肉,139,梅干菜-扣肉,梅干菜-扣肉
椒盐富贵虾,139,椒盐-富贵-虾,椒盐-富贵-虾
榴芒披萨,139,榴芒-披萨,榴芒-披萨
榴莲芝士,139,榴莲-芝士,榴莲-芝士
深水虾,139,深水-虾,深水-虾
深海利~,139,深海-利~,深海-利~
清蒸土鸡,139,清蒸-土鸡,清蒸-土鸡
湘宴满堂红,139,湘宴-满堂红,湘宴-满堂红
番茄一把骨,139,番茄-一把-骨,番茄-一把-骨
老汤烩面,139,老汤-烩面,老汤-烩面
蒜香九肚鱼,139,蒜-香九肚-鱼,蒜-香九肚-鱼
虾片,139,虾片,虾片
金牌靓油条,139,金牌-靓-油条,金牌-靓-油条
青椒紫苏干锅,139,青椒-紫苏-干锅,青椒-紫苏-干锅
食神咖喱牛腩升级,139,食神-咖喱-牛腩-升级,食神-咖喱-牛腩-升级
万丽虾饺皇,138,万丽-虾饺-皇,万丽-虾饺-皇
宁波汤团,138,宁波-汤团,宁波-汤团
小炒鸡腿肉,138,小炒-鸡腿肉,小炒-鸡腿肉
小米辽参,138,小米-辽参,小米-辽参
文思豆腐羹,138,文思-豆腐-羹,文思-豆腐-羹
旺池馋嘴蛙,138,旺池-馋嘴-蛙,旺池-馋嘴-蛙
松露酱帕尔马火腿,138,松露-酱-帕尔马-火腿,松露-酱-帕尔马-火腿
椒盐皮皮虾,138,椒盐-皮皮虾,椒盐-皮皮虾
江雪糖醋小排,138,江雪-糖醋-小排,江雪-糖醋-小排
烤鸡,138,烤鸡,烤鸡
葱油飞鱼,138,葱油-飞鱼,葱油-飞鱼
蜜汁梅花肉,138,蜜汁-梅花-肉,蜜汁-梅花-肉
观音虾,138,观音-虾,观音-虾
铁板烤虾,138,铁板-烤-虾,铁板-烤-虾
XO酱炒萝卜糕,137,XO-酱-炒-萝卜-糕,XO-酱-炒-萝卜-糕
千页豆腐,137,千页-豆腐,千页-豆腐
半份菜,137,半份-菜,半份-菜
招牌酸菜鱼,137,招牌-酸菜鱼,招牌-酸菜鱼
武昌鱼,137,武昌鱼,武昌鱼
汉阳黑芝麻热干面,137,汉阳-黑芝麻-热干面,汉阳-黑芝麻-热干面
深海大虾仁,137,深海-大-虾仁,深海-大-虾仁
湖蟹,137,湖蟹,湖蟹
烤排骨,137,烤-排骨,烤-排骨
焖锅鱼头,137,焖-锅-鱼头,焖-锅-鱼头
味拼P,137,味-拼P,味-拼P
石锅小三,137,石锅-小-三,石锅-小-三
肉炒肉,137,肉-炒-肉,肉-炒-肉
胶东一品锅,137,胶东-一品锅,胶东-一品锅
脆肉鲩,137,脆肉-鲩,脆肉-鲩
芙蓉全蟹,137,芙蓉-全蟹,芙蓉-全蟹
蛋黄h南瓜,137,蛋黄-h-南瓜,蛋黄-h-南瓜
贰楼沙拉,137,贰楼-沙拉,贰楼-沙拉
金牌吊烧鸡,137,金牌-吊-烧鸡,金牌-吊-烧鸡
咸蛋黄h虾球,136,咸蛋-黄-h-虾球,咸蛋-黄-h-虾球
澳洲和牛,136,澳洲-和-牛,澳洲-和-牛
牛肉炒河粉,136,牛肉-炒河粉,牛肉-炒河粉
石煮椒香鱼头,136,石煮-椒-香-鱼头,石煮-椒-香-鱼头
秘制小公鸡,136,秘制-小公鸡,秘制-小公鸡
米线,136,米线,米线
经典京酱肉丝,136,经典-京酱-肉丝,经典-京酱-肉丝
踩姑娘的小蘑菇,136,踩-姑娘-的-小-蘑菇,踩-姑娘-的-小-蘑菇
酱香龙骨,136,酱香-龙骨,酱香-龙骨
骨汤牛肉面,136,骨汤-牛肉面,骨汤-牛肉面
鲜虾饺,136,鲜-虾饺,鲜-虾饺
一鸭三吃,135,一鸭-三-吃,一鸭-三-吃
冒鸭肠,135,冒-鸭肠,冒-鸭肠
南瓜小汤圆,135,南瓜-小-汤圆,南瓜-小-汤圆
妈妈香薰骨,135,妈妈-香薰-骨,妈妈-香薰-骨
宫保鳕鱼球,135,宫保-鳕鱼-球,宫保-鳕鱼-球
拔丝荔枝,135,拔丝-荔枝,拔丝-荔枝
海鲜烧烤,135,海鲜-烧烤,海鲜-烧烤
烤鸭八宝盒,135,烤鸭-八-宝盒,烤鸭-八-宝盒
生炒糯米饭,135,生-炒-糯米饭,生-炒-糯米饭
疙瘩面,135,疙瘩-面,疙瘩-面
目鱼滑,135,目鱼-滑,目鱼-滑
红烧猪手,135,红烧-猪手,红烧-猪手
脆皮叉烧肉,135,脆皮-叉烧-肉,脆皮-叉烧-肉
芝士h南瓜,135,芝士-h-南瓜,芝士-h-南瓜
药膳凤爪,135,药膳-凤爪,药膳-凤爪
蜂蜜红薯,135,蜂蜜-红薯,蜂蜜-红薯
香煎鲶鱼,135,香-煎-鲶鱼,香-煎-鲶鱼
马来喳喳,135,马来-喳喳,马来-喳喳
鸡汁发芽豆,135,鸡汁-发芽-豆,鸡汁-发芽-豆
麻辣诱惑,135,麻辣-诱惑,麻辣-诱惑
东阳瓦缸鸡,134,东阳-瓦缸-鸡,东阳-瓦缸-鸡
九层塔杏鲍菇炒培根,134,九层-塔-杏鲍菇-炒-培根,九层-塔-杏鲍菇-炒-培根
冰粥,134,冰粥,冰粥
咖喱大肉蟹,134,咖喱-大肉-蟹,咖喱-大肉-蟹
咸鱼鸡粒茄子煲,134,咸鱼-鸡粒-茄子-煲,咸鱼-鸡粒-茄子-煲
土耳其肥牛,134,土耳其-肥牛,土耳其-肥牛
大锅鱼,134,大锅-鱼,大锅-鱼
奥灶面,134,奥灶面,奥灶面
小吃筐,134,小吃-筐,小吃-筐
慈城年糕烧黄鱼,134,慈城-年糕-烧-黄鱼,慈城-年糕-烧-黄鱼
扇贝粉丝,134,扇贝-粉丝,扇贝-粉丝
新疆沙湾大盘鸡,134,新疆-沙湾-大盘鸡,新疆-沙湾-大盘鸡
清炒野生大虾仁,134,清炒-野生-大-虾仁,清炒-野生-大-虾仁
澳洲雪花和牛,134,澳洲-雪花-和-牛,澳洲-雪花-和-牛
牛窝骨,134,牛窝骨,牛窝骨
花蛤,134,花蛤,花蛤
菠萝咕噜肉,134,菠萝-咕噜-肉,菠萝-咕噜-肉
酱板鸭,134,酱-板鸭,酱-板鸭
酸辣汤配油条,134,酸辣汤-配-油条,酸辣汤-配-油条
香草厚多士,134,香草-厚多士,香草-厚多士
鲜鸭肠,134,鲜鸭肠,鲜鸭肠
三鲜卤面,133,三鲜-卤面,三鲜-卤面
元年六合鱼,133,元年-六合-鱼,元年-六合-鱼
八段小烧肉,133,八段-小-烧肉,八段-小-烧肉
双味豆花,133,双味-豆花,双味-豆花
土猪汤,133,土猪-汤,土猪-汤
川味凉粉,133,川味-凉粉,川味-凉粉
开胃鱼头,133,开胃-鱼头,开胃-鱼头
湘之驴,133,湘-之-驴,湘-之-驴
爆汁鸡爪,133,爆汁-鸡爪,爆汁-鸡爪
牛肉河粉,133,牛肉-河粉,牛肉-河粉
粥底火锅,133,粥-底-火锅,粥-底-火锅
糖藕,133,糖-藕,糖-藕
罗汉面,133,罗汉-面,罗汉-面
花旗参鸡汤虾饺皇,133,花旗参-鸡汤-虾饺-皇,花旗参-鸡汤-虾饺-皇
茅台烹大虾,133,茅台-烹-大虾,茅台-烹-大虾
豌豆担担面,133,豌豆-担担面,豌豆-担担面
酱油虾,133,酱油-虾,酱油-虾
黄鳝饭,133,黄鳝-饭,黄鳝-饭
传统牛肉面,132,传统-牛肉面,传统-牛肉面
功夫青笋片,132,功夫-青笋-片,功夫-青笋-片
在江湖里翻滚的鱼,132,在-江湖-里-翻滚-的-鱼,在-江湖-里-翻滚-的-鱼
宫保鸡丁烤鱼,132,宫保鸡-丁-烤鱼,宫保鸡-丁-烤鱼
小锅土豆,132,小锅-土豆,小锅-土豆
手打新鲜生牛肉丸,132,手打-新鲜-生-牛肉丸,手打-新鲜-生-牛肉丸
榄菜四季豆爆鸡脆骨,132,榄-菜-四季豆-爆鸡-脆骨,榄-菜-四季豆-爆鸡-脆骨
炭烧清江鱼,132,炭烧-清江-鱼,炭烧-清江-鱼
焦糖茄子牛肉粒,132,焦糖-茄子-牛肉-粒,焦糖-茄子-牛肉-粒
甲鱼,132,甲鱼,甲鱼
薛府一品拉皮,132,薛府-一品-拉皮,薛府-一品-拉皮
酸汤水饺,132,酸-汤-水饺,酸-汤-水饺
锡纸金针菇,132,锡纸-金针菇,锡纸-金针菇
锦府酥虾,132,锦府-酥-虾,锦府-酥-虾
鱼翅捞饭,132,鱼翅-捞饭,鱼翅-捞饭
鲜青椒味烤鱼,132,鲜-青椒-味-烤鱼,鲜-青椒-味-烤鱼
黑鱼,132,黑鱼,黑鱼
XO酱花菜,131,XO-酱-花菜,XO-酱-花菜
一个锅巴和时蔬,131,一个-锅巴-和-时蔬,一个-锅巴-和-时蔬
三鲜焖子,131,三鲜-焖-子,三鲜-焖-子
五花腱,131,五花-腱,五花-腱
优质羊肉串,131,优质-羊肉串,优质-羊肉串
剔骨肉拌茄子,131,剔骨-肉拌-茄子,剔骨-肉拌-茄子
好味酱蒸凤爪,131,好味酱-蒸-凤爪,好味酱-蒸-凤爪
油焖烟笋,131,油焖-烟笋,油焖-烟笋
泰式红咖喱味烤鱼,131,泰式-红-咖喱-味-烤鱼,泰式-红-咖喱-味-烤鱼
涮鲍鱼,131,涮-鲍鱼,涮-鲍鱼
潮汕砂锅粥,131,潮汕-砂锅-粥,潮汕-砂锅-粥
烤秋刀鱼,131,烤-秋刀鱼,烤-秋刀鱼
烤鸭半套,131,烤鸭-半套,烤鸭-半套
紫薯塔塔,131,紫薯-塔塔,紫薯-塔塔
至尊靓靓龙虾,131,至尊-靓靓-龙虾,至尊-靓靓-龙虾
蒜蓉粉丝扇贝,131,蒜蓉-粉丝-扇贝,蒜蓉-粉丝-扇贝
蹄膀,131,蹄膀,蹄膀
金牌猪手,131,金牌-猪手,金牌-猪手
金针菇肥牛卷,131,金针菇-肥牛-卷,金针菇-肥牛-卷
风味凉面鸡,131,风味-凉面-鸡,风味-凉面-鸡
鲜牛肉丸,131,鲜-牛肉丸,鲜-牛肉丸
黑松露鹅肝包生菜,131,黑松-露鹅肝包-生菜,黑松-露鹅肝包-生菜
三寸菜心,130,三寸-菜心,三寸-菜心
小米蒸三样,130,小米-蒸-三样,小米-蒸-三样
扒汁牛排,130,扒汁-牛排,扒汁-牛排
极品黑毛肚,130,极品-黑-毛肚,极品-黑-毛肚
椰汁金球,130,椰汁-金球,椰汁-金球
沙参,130,沙参,沙参
油条菠萝虾,130,油条-菠萝-虾,油条-菠萝-虾
洞庭鱼头王,130,洞庭-鱼头-王,洞庭-鱼头-王
海参黄鱼羹,130,海参-黄鱼-羹,海参-黄鱼-羹
牛肉火锅,130,牛肉-火锅,牛肉-火锅
皇牌r多士,130,皇牌-r-多士,皇牌-r-多士
金华烧饼,130,金华-烧饼,金华-烧饼
黄油大明虾,130,黄油-大明-虾,黄油-大明-虾
黑椒牛肉粒,130,黑椒-牛肉-粒,黑椒-牛肉-粒
什锦大拉皮,129,什锦-大-拉皮,什锦-大-拉皮
优质烤鸭,129,优质-烤鸭,优质-烤鸭
干烧鹅掌,129,干-烧鹅-掌,干-烧鹅-掌
怪味大肠,129,怪味-大肠,怪味-大肠
洋芋叉叉,129,洋芋-叉叉,洋芋-叉叉
海鲜面,129,海鲜-面,海鲜-面
碳烤鳕鱼,129,碳-烤-鳕鱼,碳-烤-鳕鱼
老头儿卤鸭,129,老头儿-卤鸭,老头儿-卤鸭
风秘牛肉,129,风秘-牛肉,风秘-牛肉
Q面,128,Q-面,Q-面
京天红炸糕,128,京天-红-炸糕,京天-红-炸糕
功夫麻球,128,功夫-麻球,功夫-麻球
吮指排骨,128,吮指-排骨,吮指-排骨
坛香滋味肉,128,坛-香-滋味-肉,坛-香-滋味-肉
天津包子,128,天津-包子,天津-包子
小笼汤包,128,小笼-汤包,小笼-汤包
市井水爆肚,128,市井-水-爆肚,市井-水-爆肚
榴莲炒饭,128,榴莲-炒饭,榴莲-炒饭
水库鱼头,128,水库-鱼头,水库-鱼头
水煮江团,128,水煮-江团,水煮-江团
沙茶酱,128,沙茶-酱,沙茶-酱
津典烤鸭,128,津典-烤鸭,津典-烤鸭
生打牛筋丸,128,生打-牛筋-丸,生打-牛筋-丸
竹筒饭,128,竹筒饭,竹筒饭
紫苏红烧肉,128,紫苏-红烧肉,紫苏-红烧肉
羊杂,128,羊杂,羊杂
老屋井水馋嘴蛙,128,老屋-井水-馋嘴-蛙,老屋-井水-馋嘴-蛙
越式酸辣凤爪,128,越式-酸辣-凤爪,越式-酸辣-凤爪
酸菜饺子,128,酸菜-饺子,酸菜-饺子
阿拉斯加蟹豆腐,128,阿拉斯加-蟹-豆腐,阿拉斯加-蟹-豆腐
鱼头王,128,鱼头-王,鱼头-王
鲜虾刺身,128,鲜虾-刺身,鲜虾-刺身
千岛湖鱼面鱼头汤,127,千岛湖-鱼面-鱼头汤,千岛湖-鱼面-鱼头汤
喜饼烤肉,127,喜饼-烤肉,喜饼-烤肉
外婆的红烧肉,127,外婆-的-红烧肉,外婆-的-红烧肉
干锅板筋土豆片,127,干锅-板筋-土豆片,干锅-板筋-土豆片
建水香豆腐,127,建水-香-豆腐,建水-香-豆腐
招牌靓叉烧,127,招牌-靓-叉烧,招牌-靓-叉烧
水煎包,127,水煎包,水煎包
温泉蛋咖喱猪扒,127,温泉-蛋-咖喱-猪扒,温泉-蛋-咖喱-猪扒
知味虾,127,知味-虾,知味-虾
老卤合拼,127,老卤合-拼,老卤合-拼
老式果木烤鸭,127,老式-果木-烤鸭,老式-果木-烤鸭
芝士h长茄,127,芝士-h-长茄,芝士-h-长茄
菠菜面,127,菠菜-面,菠菜-面
鸡骨棒,127,鸡骨-棒,鸡骨-棒
万峦猪脚,126,万峦-猪脚,万峦-猪脚
十满香烤鸡,126,十满香-烤鸡,十满香-烤鸡
卤煮,126,卤-煮,卤-煮
大碗居烩菜,126,大碗-居-烩-菜,大碗-居-烩-菜
大铁锅,126,大-铁锅,大-铁锅
奶油i仔包,126,奶油-i仔包,奶油-i仔包
小镇烤肉,126,小镇-烤肉,小镇-烤肉
扬州炒饭,126,扬州-炒饭,扬州-炒饭
杏鲍菇牛肉粒,126,杏鲍菇-牛肉-粒,杏鲍菇-牛肉-粒
清心第一包,126,清心-第一-包,清心-第一-包
烤鳕鱼,126,烤-鳕鱼,烤-鳕鱼
牛肋骨,126,牛-肋骨,牛-肋骨
番茄炖牛腩,126,番茄-炖-牛腩,番茄-炖-牛腩
盆栽提拉米苏,126,盆栽-提拉-米苏,盆栽-提拉-米苏
盐h虾,126,盐-h-虾,盐-h-虾
神马鱼头煲,126,神马-鱼头-煲,神马-鱼头-煲
秘制烤肉,126,秘制-烤肉,秘制-烤肉
绍兴老三鲜,126,绍兴-老-三鲜,绍兴-老-三鲜
芝士牛肉丸,126,芝士-牛肉丸,芝士-牛肉丸
草原乳牛排,126,草原-乳牛-排,草原-乳牛-排
铁板牛排,126,铁板-牛排,铁板-牛排
铁板豆腐,126,铁板-豆腐,铁板-豆腐
铜锅鱼,126,铜锅-鱼,铜锅-鱼
面线糊,126,面线-糊,面线-糊
鱼香脆皮虾球,126,鱼-香脆-皮-虾球,鱼-香脆-皮-虾球
鲥鱼,126,鲥鱼,鲥鱼
一品鲜虾饺,125,一品-鲜-虾饺,一品-鲜-虾饺
冻花蟹,125,冻-花蟹,冻-花蟹
咖喱鸡肉捞饭,125,咖喱鸡-肉-捞饭,咖喱鸡-肉-捞饭
小黄鱼烧豆腐,125,小黄鱼-烧-豆腐,小黄鱼-烧-豆腐
德莫利炖鱼,125,德莫利-炖鱼,德莫利-炖鱼
混酱猪肠粉,125,混酱-猪肠-粉,混酱-猪肠-粉
炭火干锅龙利鱼,125,炭火-干锅-龙利鱼,炭火-干锅-龙利鱼
牛仔粒,125,牛仔-粒,牛仔-粒
狄公面,125,狄公面,狄公面
玫瑰冰粉,125,玫瑰-冰粉,玫瑰-冰粉
皮蒜烤三鲜,125,皮蒜-烤-三鲜,皮蒜-烤-三鲜
福茂源麻麻鱼,125,福茂源-麻麻-鱼,福茂源-麻麻-鱼
老北京的炸酱面,125,老-北京-的-炸酱面,老-北京-的-炸酱面
老醋焖草鱼,125,老醋-焖-草鱼,老醋-焖-草鱼
葱油蛏子,125,葱油-蛏子,葱油-蛏子
蜀府炖鱼,125,蜀府-炖鱼,蜀府-炖鱼
印巷红盖,124,印巷-红盖,印巷-红盖
坨坨牛肉,124,坨-坨-牛肉,坨-坨-牛肉
水果咯吱,124,水果-咯吱,水果-咯吱
油碟油,124,油碟油,油碟油
烙饼,124,烙饼,烙饼
砂锅烧鱼,124,砂锅-烧鱼,砂锅-烧鱼
秘制小料,124,秘制-小料,秘制-小料
竹蛏皇,124,竹-蛏-皇,竹-蛏-皇
红丝绒蛋糕,124,红-丝绒-蛋糕,红-丝绒-蛋糕
芝麻鸭子,124,芝麻-鸭子,芝麻-鸭子
菠菜锅盔,124,菠菜-锅盔,菠菜-锅盔
铁板三鲜,124,铁板-三鲜,铁板-三鲜
青岛大虾,124,青岛-大虾,青岛-大虾
高庄馒头,124,高庄-馒头,高庄-馒头
一品碳烤肉,123,一品-碳-烤肉,一品-碳-烤肉
咖喱锅底,123,咖喱-锅底,咖喱-锅底
大麻鱼,123,大麻-鱼,大麻-鱼
宫保牡丹虾球,123,宫保-牡丹-虾球,宫保-牡丹-虾球
招牌洋芋,123,招牌-洋芋,招牌-洋芋
排骨腊味煲仔饭,123,排骨-腊味-煲仔饭,排骨-腊味-煲仔饭
月亮虾饼,123,月亮-虾饼,月亮-虾饼
桑巴烤菠萝牛堡,123,桑巴-烤-菠萝-牛堡,桑巴-烤-菠萝-牛堡
油焖大龙虾,123,油焖-大龙虾,油焖-大龙虾
活螃蟹,123,活-螃蟹,活-螃蟹
炸河虾,123,炸-河虾,炸-河虾
砂锅红薯粉,123,砂锅-红薯-粉,砂锅-红薯-粉
碳烤羊肉串,123,碳-烤羊肉串,碳-烤羊肉串
竹荪鲜虾滑,123,竹荪-鲜虾-滑,竹荪-鲜虾-滑
t乳,123,t-乳,t-乳
芝士h薯角,123,芝士-h-薯角,芝士-h-薯角
蜜汁酥皮虾,123,蜜汁-酥皮-虾,蜜汁-酥皮-虾
金牌花蛤,123,金牌-花蛤,金牌-花蛤
青椒鲈鱼,123,青椒-鲈鱼,青椒-鲈鱼
麻辣淮王鱼,123,麻辣-淮王-鱼,麻辣-淮王-鱼
黑椒猪颈肉,123,黑椒-猪颈肉,黑椒-猪颈肉
井冈山豆皮,122,井冈山-豆皮,井冈山-豆皮
印尼炒饭,122,印尼-炒饭,印尼-炒饭
叉烧菠萝包,122,叉烧-菠萝包,叉烧-菠萝包
呆霸王,122,呆-霸王,呆-霸王
墨鱼滑,122,墨鱼-滑,墨鱼-滑
小鸡汤,122,小--鸡汤,小--鸡汤
干锅杏鲍菇,122,干锅-杏鲍菇,干锅-杏鲍菇
洞庭炒藕尖,122,洞庭-炒-藕-尖,洞庭-炒-藕-尖
爬爬虾,122,爬-爬-虾,爬-爬-虾
皮蛋粥,122,皮蛋-粥,皮蛋-粥
盐烤阿根廷红虾,122,盐-烤-阿根廷-红虾,盐-烤-阿根廷-红虾
私房豆腐,122,私房-豆腐,私房-豆腐
糯香掌,122,糯香掌,糯香掌
蒜香虾,122,蒜-香-虾,蒜-香-虾
蔬菜沙拉,122,蔬菜-沙拉,蔬菜-沙拉
食神炒饭,122,食神-炒饭,食神-炒饭
黑牛肋条肉,122,黑牛-肋条-肉,黑牛-肋条-肉
一代闷骚南瓜,121,一代-闷骚-南瓜,一代-闷骚-南瓜
三更美龄粥,121,三-更-美龄-粥,三-更-美龄-粥
京都排骨,121,京都-排骨,京都-排骨
传统猪肉刀削面,121,传统-猪肉-刀削面,传统-猪肉-刀削面
匹夫麻酱,121,匹夫-麻酱,匹夫-麻酱
南瓜汤,121,南瓜-汤,南瓜-汤
宁乡花猪肉,121,宁乡-花-猪肉,宁乡-花-猪肉
招牌土豆泥,121,招牌-土豆泥,招牌-土豆泥
王品台塑牛排,121,王品-台塑-牛排,王品-台塑-牛排
腐皮包黄鱼,121,腐-皮包-黄鱼,腐-皮包-黄鱼
话梅秘制牛肉粒,121,话梅-秘制-牛肉-粒,话梅-秘制-牛肉-粒
邵式东坡肉,121,邵式-东坡肉,邵式-东坡肉
香煎米耙,121,香-煎-米-耙,香-煎-米-耙
鸡爪煲,121,鸡爪-煲,鸡爪-煲
鸽肾h饭,121,鸽肾-h-饭,鸽肾-h-饭
黄辣丁,121,黄辣丁,黄辣丁
八宝盒,120,八-宝盒,八-宝盒
冰川咕噜肉,120,冰川-咕噜-肉,冰川-咕噜-肉
包烤蘑菇,120,包烤-蘑菇,包烤-蘑菇
千张筒骨锅,120,千张-筒-骨锅,千张-筒-骨锅
台式三杯虾,120,台式-三杯-虾,台式-三杯-虾
小锅牛腩,120,小锅-牛腩,小锅-牛腩
屠场毛肚,120,屠场-毛肚,屠场-毛肚
新发现鱼头王,120,新-发现-鱼头-王,新-发现-鱼头-王
枣泥拉糕,120,枣泥-拉糕,枣泥-拉糕
牛筋腩,120,牛筋-腩,牛筋-腩
石锅烧汁茄饼,120,石锅-烧汁-茄饼,石锅-烧汁-茄饼
老爸牛排三明治,120,老爸-牛排-三明治,老爸-牛排-三明治
老碗三合一面,120,老碗-三合-一面,老碗-三合-一面
萝卜丝干蛏,120,萝卜丝-干-蛏,萝卜丝-干-蛏
虾蛟皇,120,虾-蛟-皇,虾-蛟-皇
钵子娃娃菜,120,钵子-娃娃-菜,钵子-娃娃-菜
黄花鱼汤包,120,黄花鱼-汤包,黄花鱼-汤包
黑椒牛柳炒意粉,120,黑椒-牛柳-炒意粉,黑椒-牛柳-炒意粉
一个馒头,119,一个-馒头,一个-馒头
东来顺羊肉片,119,东来顺-羊肉片,东来顺-羊肉片
古法狮子头,119,古-法-狮子头,古-法-狮子头
干烧大黄鱼,119,干烧-大黄鱼,干烧-大黄鱼
年糕牛仔粒,119,年糕-牛仔-粒,年糕-牛仔-粒
拾年土豆泥,119,拾年-土豆泥,拾年-土豆泥
桂花冰糖番茄,119,桂花-冰糖-番茄,桂花-冰糖-番茄
桔子虾饺皇,119,桔子-虾饺-皇,桔子-虾饺-皇
梭子蟹,119,梭子蟹,梭子蟹
海鲜豆腐盒,119,海鲜-豆腐-盒,海鲜-豆腐-盒
澳洲雪花牛小排,119,澳洲-雪花-牛小排,澳洲-雪花-牛小排
烤翅中,119,烤-翅-中,烤-翅-中
牙签肉,119,牙签-肉,牙签-肉
石蛙冷锅,119,石蛙-冷锅,石蛙-冷锅
红子鸡,119,红子鸡,红子鸡
腊味褒仔饭,119,腊味-褒仔饭,腊味-褒仔饭
草头圈子,119,草头-圈子,草头-圈子
菌菇野菜豆腐,119,菌菇-野菜-豆腐,菌菇-野菜-豆腐
菜包肉,119,菜-包肉,菜-包肉
虾,119,虾,虾
调味牛排,119,调味-牛排,调味-牛排
跳水鱼,119,跳水-鱼,跳水-鱼
金蒜牛小排,119,金蒜-牛小排,金蒜-牛小排
鸽子,119,鸽子,鸽子
厨娘腊味锅巴,118,厨娘-腊味-锅巴,厨娘-腊味-锅巴
天下第一鸡,118,天下第一-鸡,天下第一-鸡
尖叫牛肉,118,尖叫-牛肉,尖叫-牛肉
干菜烤汤圆,118,干菜-烤-汤圆,干菜-烤-汤圆
怡园霸王鸡,118,怡园-霸王-鸡,怡园-霸王-鸡
新西兰青口面,118,新西兰-青口-面,新西兰-青口-面
水煮三国,118,水煮-三国,水煮-三国
炼乳吐司,118,炼乳-吐司,炼乳-吐司
烧腊,118,烧腊,烧腊
瓦片烤肉,118,瓦片-烤肉,瓦片-烤肉
砂锅独元,118,砂锅-独元,砂锅-独元
糯米鸡,118,糯米鸡,糯米鸡
红烧鳝片,118,红烧-鳝片,红烧-鳝片
西川厚多士,118,西川-厚多士,西川-厚多士
那府果木烤鸭,118,那府-果木-烤鸭,那府-果木-烤鸭
雪花坛肉,118,雪花-坛-肉,雪花-坛-肉
顺德论教糕,118,顺德-论教-糕,顺德-论教-糕
高压芋头牛腩,118,高压-芋头-牛腩,高压-芋头-牛腩
鬼马鲜果虾球,118,鬼马-鲜果-虾球,鬼马-鲜果-虾球
黄油h龙虾,118,黄油-h-龙虾,黄油-h-龙虾
BBQ烤翅,117,BBQ-烤-翅,BBQ-烤-翅
免费拉面,117,免费-拉面,免费-拉面
压肉,117,压肉,压肉
唐廊炒饭,117,唐廊-炒饭,唐廊-炒饭
孜然土豆片,117,孜然-土豆片,孜然-土豆片
广式腊味饭,117,广式-腊味-饭,广式-腊味-饭
新派水煮鱼,117,新派-水煮鱼,新派-水煮鱼
橄榄油蓬蒿菜,117,橄榄油-蓬蒿-菜,橄榄油-蓬蒿-菜
正东担担面,117,正东-担担面,正东-担担面
炒饼,117,炒饼,炒饼
秘制凤爪,117,秘制-凤爪,秘制-凤爪
红柳肉串,117,红柳-肉串,红柳-肉串
肉松h蟹味菇,117,肉松-h-蟹-味菇,肉松-h-蟹-味菇
膳段粉丝,117,膳段-粉丝,膳段-粉丝
至尊肥牛,117,至尊-肥牛,至尊-肥牛
芥末酱炸虾球,117,芥末-酱-炸虾球,芥末-酱-炸虾球
荷叶饭,117,荷叶-饭,荷叶-饭
酸汤鱼火锅,117,酸-汤鱼-火锅,酸-汤鱼-火锅
金牌黄焖龙虾,117,金牌-黄焖-龙虾,金牌-黄焖-龙虾
铁板基围虾,117,铁板-基围-虾,铁板-基围-虾
闷烧葱香大虾,117,闷烧-葱香-大虾,闷烧-葱香-大虾
青年小炒,117,青年-小炒,青年-小炒
鸭脑壳,117,鸭-脑壳,鸭-脑壳
一品白菜煲,116,一品-白菜-煲,一品-白菜-煲
吊龙肉,116,吊龙肉,吊龙肉
喜气洋洋,116,喜气洋洋,喜气洋洋
天下第一包,116,天下第一-包,天下第一-包
小池塘串串香,116,小-池塘-串串香,小-池塘-串串香
小茴香拌煎饼,116,小茴香-拌-煎饼,小茴香-拌-煎饼
干烧招牌鱼,116,干烧-招牌-鱼,干烧-招牌-鱼
手打牛筋丸,116,手打-牛筋-丸,手打-牛筋-丸
旺炉牛肋筋,116,旺炉-牛-肋-筋,旺炉-牛-肋-筋
椒盐牛蛙,116,椒盐-牛蛙,椒盐-牛蛙
油爆河虾,116,油爆-河虾,油爆-河虾
渤海湾虾仁,116,渤海湾-虾仁,渤海湾-虾仁
炉火烤鸡翅,116,炉火-烤鸡-翅,炉火-烤鸡-翅
牛腩煲,116,牛腩-煲,牛腩-煲
糯米鸭,116,糯米-鸭,糯米-鸭
菜团子,116,菜团子,菜团子
蛋白饼,116,蛋白-饼,蛋白-饼
酱闷黄花鱼,116,酱闷-黄花鱼,酱闷-黄花鱼
重庆豆花鱼,116,重庆-豆花-鱼,重庆-豆花-鱼
鲶鱼粉皮,116,鲶鱼-粉皮,鲶鱼-粉皮
龙须菜,116,龙须菜,龙须菜
古法蒸鸡,115,古法-蒸鸡,古法-蒸鸡
台湾卤肉,115,台湾-卤肉,台湾-卤肉
姑妈猪手,115,姑妈-猪手,姑妈-猪手
极品虾饺皇,115,极品-虾饺-皇,极品-虾饺-皇
桂花糖年糕,115,桂花-糖-年糕,桂花-糖-年糕
概念烤虾,115,概念-烤-虾,概念-烤-虾
民间鱼,115,民间-鱼,民间-鱼
灌汤包,115,灌-汤包,灌-汤包
煎土鸡,115,煎-土鸡,煎-土鸡
皮蛋豆腐,115,皮蛋-豆腐,皮蛋-豆腐
芝士汉堡王,115,芝士-汉堡-王,芝士-汉堡-王
酱烤牛五花,115,酱-烤-牛-五花,酱-烤-牛-五花
酱爆螺丝,115,酱-爆-螺丝,酱爆-螺丝
金网脆皮鲜虾肠粉,115,金网-脆皮-鲜虾-肠粉,金网-脆皮-鲜虾-肠粉
铁板凉粉炒馍,115,铁板-凉粉-炒-馍,铁板-凉粉-炒-馍
香蕉核桃煎饼,115,香蕉-核桃-煎饼,香蕉-核桃-煎饼
麻糍,115,麻-糍,麻-糍
黄豆排骨,115,黄豆-排骨,黄豆-排骨
龙凤蝎子汤,115,龙凤-蝎子-汤,龙凤-蝎子-汤
三色面,114,三色面,三色面
四川嫩牛肉,114,四川-嫩-牛肉,四川-嫩-牛肉
四川毛血旺,114,四川-毛血旺,四川-毛血旺
墨鱼仔,114,墨鱼-仔,墨鱼-仔
小厨土豆丝,114,小厨-土豆丝,小厨-土豆丝
极品雪花肥牛,114,极品-雪花-肥牛,极品-雪花-肥牛
油泼榆林老豆腐,114,油泼-榆林-老豆腐,油泼-榆林-老豆腐
滑炒里脊丝,114,滑-炒-里脊-丝,滑-炒-里脊-丝
烧味四宝拼,114,烧味-四宝-拼,烧味-四宝-拼
猫山王榴莲雪砖,114,猫-山王-榴莲-雪砖,猫-山王-榴莲-雪砖
玉米片牛油果,114,玉米片-牛油果,玉米片-牛油果
甜沫,114,甜沫,甜沫
精品酸菜鱼,114,精品-酸菜鱼,精品-酸菜鱼
罗兰湖炒饭,114,罗兰-湖-炒饭,罗兰-湖-炒饭
面包串,114,面包-串,面包-串
鸡扒,114,鸡-扒,鸡-扒
俄式烤大排,113,俄式-烤大排,俄式-烤大排
咖喱海鲜豆腐,113,咖喱-海鲜-豆腐,咖喱-海鲜-豆腐
咖喱皇酱烧虾,113,咖喱-皇酱-烧-虾,咖喱-皇酱-烧-虾
咱家一绝,113,咱家-一绝,咱家-一绝
大列吧,113,大列-吧,大列-吧
大骨头,113,大-骨头,大-骨头
山药炖龙骨,113,山药-炖-龙骨,山药-炖-龙骨
干锅菜花,113,干锅-菜花,干锅-菜花
桑拿虾,113,桑拿-虾,桑拿-虾
棒子骨,113,棒子-骨,棒子-骨
沸腾鲶鱼,113,沸腾-鲶鱼,沸腾-鲶鱼
流沙菠萝塔,113,流沙-菠萝-塔,流沙-菠萝-塔
淇淋面包,113,淇-淋-面包,淇-淋-面包
燕窝蛋挞,113,燕窝-蛋挞,燕窝-蛋挞
瓦罐焖肉,113,瓦罐-焖-肉,瓦罐-焖-肉
秘酱土豆,113,秘酱-土豆,秘酱-土豆
老坛酸菜鱼,113,老坛-酸菜鱼,老坛-酸菜鱼
蒜香鸡,113,蒜-香鸡,蒜-香鸡
蜜汁莲藕,113,蜜汁-莲藕,蜜汁-莲藕
蟹钳,113,蟹-钳,蟹-钳
铁锅片片鱼,113,铁锅-片片-鱼,铁锅-片片-鱼
主厨凯撒沙拉,112,主厨-凯撒-沙拉,主厨-凯撒-沙拉
凉拌鱼皮,112,凉拌-鱼皮,凉拌-鱼皮
大碗菜花,112,大碗-菜花,大碗-菜花
小火锅,112,小火锅,小火锅
木鱼花炭烧豆腐,112,木-鱼花-炭烧-豆腐,木-鱼花-炭烧-豆腐
浇汁莜面,112,浇汁-莜面,浇汁-莜面
烤虹鳟鱼,112,烤-虹鳟鱼,烤-虹鳟鱼
美极肥牛,112,美极-肥牛,美极-肥牛
膏蟹,112,膏蟹,膏蟹
芒果饭,112,芒果-饭,芒果-饭
芝麻牛肉,112,芝麻-牛肉,芝麻-牛肉
藿香鲫鱼,112,藿香-鲫鱼,藿香-鲫鱼
贝勒爷烤肉,112,贝勒爷-烤肉,贝勒爷-烤肉
食为先头道菜,112,食为-先头-道菜,食为-先头-道菜
黄金大花卷,112,黄金-大-花卷,黄金-大-花卷
天使一品锅,111,天使-一品锅,天使-一品锅
宫廷秘制烤鸭,111,宫廷-秘制-烤鸭,宫廷-秘制-烤鸭
富贵一品鸡,111,富贵-一品-鸡,富贵-一品-鸡
招牌牛肉面,111,招牌-牛肉面,招牌-牛肉面
比尔熊掌厚牛排,111,比尔-熊掌-厚-牛排,比尔-熊掌-厚-牛排
沙姜乳鸽,111,沙姜-乳鸽,沙姜-乳鸽
海味干捞粉丝,111,海味-干捞-粉丝,海味-干捞-粉丝
火龙鱼,111,火龙-鱼,火龙-鱼
熏肉,111,熏肉,熏肉
牛初乳,111,牛初乳,牛初乳
脆皮烧鹅皇,111,脆皮-烧鹅-皇,脆皮-烧鹅-皇
花先生口水鸡,111,花-先生-口水鸡,花-先生-口水鸡
藜麦沙拉,111,藜-麦-沙拉,藜-麦-沙拉
越南酸辣火锅,111,越南-酸辣-火锅,越南-酸辣-火锅
陈皮油爆虾,111,陈皮油-爆虾,陈皮油-爆虾
鲍鱼小土豆,111,鲍鱼-小土豆,鲍鱼-小土豆
鸡丝豆腐脑,111,鸡丝-豆腐脑,鸡丝-豆腐脑
八旗小羊排,110,八旗-小-羊排,八旗-小-羊排
古教水爆肚,110,古教水-爆肚,古教水-爆肚
夏氏一锅鲜,110,夏氏-一锅鲜,夏氏-一锅鲜
招牌疙瘩汤,110,招牌-疙瘩汤,招牌-疙瘩汤
松茸菌,110,松茸-菌,松茸-菌
灵隐寺腐衣卷,110,灵隐寺-腐衣卷,灵隐寺-腐衣卷
烤蛙,110,烤-蛙,烤-蛙
牦牛肉火烧,110,牦牛肉-火烧,牦牛肉-火烧
猪肝面,110,猪肝-面,猪肝-面
石河子凉皮,110,石河子-凉皮,石河子-凉皮
秘制熏鱼,110,秘制-熏鱼,秘制-熏鱼
精品肥牛,110,精品-肥牛,精品-肥牛
糖醋里几,110,糖醋-里-几,糖醋-里-几
羊腿肉,110,羊腿-肉,羊腿-肉
自助沙拉,110,自助-沙拉,自助-沙拉
蜜汁烧河鳗鱼,110,蜜汁-烧河-鳗鱼,蜜汁-烧河-鳗鱼
雪山芝士h长茄,110,雪山-芝士-h-长茄,雪山-芝士-h-长茄
香芋排骨,110,香芋-排骨,香芋-排骨
鲁肉饭,110,鲁肉-饭,鲁肉-饭
鲜羊腿,110,鲜-羊腿,鲜-羊腿
鸡鸣酒家汤包,110,鸡鸣-酒家-汤包,鸡鸣-酒家-汤包
黄骨鱼焖豆腐,110,黄骨鱼-焖-豆腐,黄骨鱼-焖-豆腐
黑毛肚,110,黑-毛肚,黑-毛肚
一口怜惜,109,一口-怜惜,一口-怜惜
农家有机菜花,109,农家-有机-菜花,农家-有机-菜花
剁椒鸳鸯鱼头,109,剁-椒-鸳鸯-鱼头,剁-椒-鸳鸯-鱼头
小碗肉,109,小碗-肉,小碗-肉
开胃肥牛,109,开胃-肥牛,开胃-肥牛
招牌公司腊味煲仔饭,109,招牌-公司-腊味-煲仔饭,招牌-公司-腊味-煲仔饭
榕港第一包,109,榕港-第一-包,榕港-第一-包
泰式青柠蒸鲈鱼,109,泰式-青柠蒸-鲈鱼,泰式-青柠蒸-鲈鱼
灯影土豆丝,109,灯影-土豆丝,灯影-土豆丝
炝生菜,109,炝-生菜,炝-生菜
牡丹虾,109,牡丹-虾,牡丹-虾
盐h鸽,109,盐-h-鸽,盐-h-鸽
碗肉,109,碗-肉,碗-肉
芝士h大明虾,109,芝士-h-大明-虾,芝士-h-大明-虾
虾仁锅贴,109,虾仁-锅贴,虾仁-锅贴
豉汁蒸鱼腩,109,豉汁-蒸-鱼腩,豉汁-蒸-鱼腩
香煎带鱼,109,香-煎-带鱼,香-煎-带鱼
鬼马虾球,109,鬼马-虾球,鬼马-虾球
鸡血汤,109,鸡血-汤,鸡血-汤
黄山臭桂鱼,109,黄山-臭-桂鱼,黄山-臭-桂鱼
九格麻辣,108,九格-麻辣,九格-麻辣
乳鸽饭,108,乳鸽-饭,乳鸽-饭
仁和豆花,108,仁和-豆花,仁和-豆花
北极甜虾,108,北极-甜虾,北极-甜虾
吉士红烧肉,108,吉士-红烧肉,吉士-红烧肉
吊烧仔鸭,108,吊烧-仔鸭,吊烧-仔鸭
咕噜肉,108,咕噜-肉,咕噜-肉
大串,108,大串,大串
张爷爷空心面,108,张-爷爷-空心-面,张-爷爷-空心-面
水库鱼,108,水库-鱼,水库-鱼
海胆炒饭,108,海胆-炒饭,海胆-炒饭
煎饼配烤肉,108,煎饼-配-烤肉,煎饼-配-烤肉
猪蹄三吃,108,猪蹄-三-吃,猪蹄-三-吃
糯香掌翅,108,糯香掌-翅,糯香掌-翅
红烧虾,108,红烧-虾,红烧-虾
红糖饼,108,红糖-饼,红糖-饼
舒芙蕾,108,舒芙蕾,舒芙蕾
芝士h扇贝,108,芝士-h-扇贝,芝士-h-扇贝
芥辣捞鸡,108,芥辣捞-鸡,芥辣捞-鸡
葱烤银鳕鱼,108,葱-烤-银-鳕鱼,葱-烤-银-鳕鱼
豌杂面,108,豌-杂面,豌-杂面
蹄o,108,蹄-o,蹄-o
软兜,108,软兜,软兜
重庆森林,108,重庆-森林,重庆-森林
金华千张,108,金华-千张,金华-千张
金汤酸菜鱼,108,金汤-酸菜鱼,金汤-酸菜鱼
青春饭,108,青春-饭,青春-饭
面包秀,108,面包-秀,面包-秀
鸦片鱼,108,鸦片-鱼,鸦片-鱼
八爷鸭方,107,八爷-鸭方,八爷-鸭方
农夫疙瘩汤,107,农夫-疙瘩汤,农夫-疙瘩汤
宝轩坛子肉,107,宝轩-坛子-肉,宝轩-坛子-肉
小馆沸腾鱼,107,小馆-沸腾-鱼,小馆-沸腾-鱼
广东腊味煲仔饭,107,广东-腊味-煲仔饭,广东-腊味-煲仔饭
手剥河虾仁,107,手-剥河-虾仁,手-剥河-虾仁
招牌秘制捞牛首,107,招牌-秘制-捞-牛首,招牌-秘制-捞-牛首
民国小磨豆腐,107,民国-小-磨豆腐,民国-小-磨豆腐
猪脚,107,猪脚,猪脚
秘制排骨,107,秘制-排骨,秘制-排骨
秘制烤羊排,107,秘制-烤羊-排,秘制-烤羊-排
立方沸腾虾,107,立方-沸腾-虾,立方-沸腾-虾
芝士面包,107,芝士-面包,芝士-面包
银鱼炒蛋,107,银鱼-炒蛋,银鱼-炒蛋
销魂掌,107,销魂-掌,销魂-掌
关中凉皮,106,关中-凉皮,关中-凉皮
北极虾,106,北极-虾,北极-虾
吸粉,106,吸粉,吸粉
四川麻辣虾,106,四川-麻辣-虾,四川-麻辣-虾
客家土猪汤,106,客家-土猪-汤,客家-土猪-汤
松饼,106,松饼,松饼
油浸蚕豆,106,油浸-蚕豆,油浸-蚕豆
火锅粉,106,火锅-粉,火锅-粉
烤明虾,106,烤-明虾,烤-明虾
牛肉饭,106,牛肉-饭,牛肉-饭
石锅牛仔骨,106,石锅-牛仔-骨,石锅-牛仔-骨
秘制鸡翅,106,秘制-鸡翅,秘制-鸡翅
糯米鸡翅,106,糯米-鸡翅,糯米-鸡翅
老屋精品酸菜鱼,106,老屋-精品-酸菜鱼,老屋-精品-酸菜鱼
蒜蓉粉丝娃娃菜,106,蒜蓉-粉丝-娃娃-菜,蒜蓉-粉丝-娃娃-菜
鄂伦春风情烤鱼,106,鄂伦春-风情-烤鱼,鄂伦春-风情-烤鱼
酱爆桃仁鸡丁,106,酱-爆-桃仁-鸡丁,酱爆-桃仁-鸡丁
醉江湖毛血旺,106,醉-江湖-毛血旺,醉-江湖-毛血旺
野生虾仁,106,野生-虾仁,野生-虾仁
阿庄烤鸭,106,阿庄-烤鸭,阿庄-烤鸭
黑糖豆花,106,黑糖-豆花,黑糖-豆花
五谷丰登,105,五谷丰登,五谷丰登
儿时味炸猪排,105,儿时-味炸-猪排,儿时-味炸-猪排
千岛酱鱼排,105,千岛-酱-鱼排,千岛-酱-鱼排
招牌焖肉面,105,招牌-焖-肉面,招牌-焖-肉面
暹罗小上脑,105,暹罗-小上-脑,暹罗-小上-脑
果味山药,105,果味-山药,果味-山药
梅猪肉,105,梅-猪肉,梅-猪肉
海南椰子鸡,105,海南-椰子-鸡,海南-椰子-鸡
炸鸡,105,炸鸡,炸鸡
石锅杏鲍菇,105,石锅-杏鲍菇,石锅-杏鲍菇
竹荪三鲜,105,竹荪-三鲜,竹荪-三鲜
羲和烤鸭1套,105,羲-和-烤鸭-1-套,羲-和-烤鸭-1-套
莫吉托微风,105,莫吉托-微风,莫吉托-微风
菠萝咕老肉,105,菠萝-咕老肉,菠萝-咕老肉
虾火锅中锅,105,虾-火锅-中锅,虾-火锅-中锅
辣宴秘制牛肉,105,辣宴-秘制-牛肉,辣宴-秘制-牛肉
馅满饺子,105,馅满-饺子,馅满-饺子
香妃鸡,105,香妃-鸡,香妃-鸡
鱼滑,105,鱼滑,鱼滑
鱼露花甲,105,鱼露-花甲,鱼露-花甲
黄金酸汤鱼片,105,黄金-酸-汤-鱼片,黄金-酸-汤-鱼片
一鱼双吃,104,一鱼-双-吃,一鱼-双-吃
十八香龙虾,104,十八-香-龙虾,十八-香-龙虾
南瓜饼,104,南瓜饼,南瓜饼
干烧大明虾,104,干烧-大明-虾,干烧-大明-虾
打卤馕,104,打-卤-馕,打-卤-馕
文鱼汤,104,文-鱼汤,文-鱼汤
沸腾香辣蹄,104,沸腾-香辣-蹄,沸腾-香辣-蹄
浓汤鱼饺,104,浓汤-鱼饺,浓汤-鱼饺
海鲜烩饭,104,海鲜-烩饭,海鲜-烩饭
清蒸笋壳鱼,104,清蒸-笋壳-鱼,清蒸-笋壳-鱼
盱眙十三香龙虾,104,盱眙-十三-香-龙虾,盱眙-十三-香-龙虾
石锅饭,104,石锅-饭,石锅-饭
粉丝扇贝,104,粉丝-扇贝,粉丝-扇贝
芝士石锅年糕,104,芝士-石锅-年糕,芝士-石锅-年糕
蛋黄龙虾,104,蛋黄-龙虾,蛋黄-龙虾
豆腐圆子,104,豆腐-圆子,豆腐-圆子
避风塘炒蟹,104,避风塘-炒蟹,避风塘-炒蟹
避风塘虾饺皇,104,避风塘-虾饺-皇,避风塘-虾饺-皇
邕城老友鱼,104,邕城-老友-鱼,邕城-老友-鱼
铁板t鱼,104,铁板-t-鱼,铁板-t-鱼
青稞黑豆腐,104,青稞-黑-豆腐,青稞-黑-豆腐
风味鱼渣,104,风味-鱼渣,风味-鱼渣
一品拉皮,103,一品-拉皮,一品-拉皮
凤爪蒸笼,103,凤爪-蒸笼,凤爪-蒸笼
南翔小笼包,103,南翔-小笼包,南翔-小笼包
叉烧肉,103,叉烧-肉,叉烧-肉
四城第一罐,103,四城-第一罐,四城-第一罐
土豆拌莜面,103,土豆-拌-莜面,土豆-拌-莜面
客家茄子煲,103,客家-茄子-煲,客家-茄子-煲
宫爆豆腐,103,宫爆-豆腐,宫爆-豆腐
手切鲜羊肉块,103,手切-鲜-羊肉-块,手切-鲜-羊肉-块
招牌大虾,103,招牌-大虾,招牌-大虾
招牌流沙包,103,招牌-流-沙包,招牌-流-沙包
招牌茄子,103,招牌-茄子,招牌-茄子
柠檬虾,103,柠檬-虾,柠檬-虾
烤牛油果,103,烤-牛油果,烤-牛油果
烧羊肉,103,烧-羊肉,烧-羊肉
Z,103,Z,Z
特选头牌烤鸭,103,特选-头牌-烤鸭,特选-头牌-烤鸭
瓦缸烤串,103,瓦缸-烤串,瓦缸-烤串
茉莉金牌厚多士,103,茉莉-金牌-厚多士,茉莉-金牌-厚多士
茴香软饼,103,茴香-软饼,茴香-软饼
蟹肉煲,103,蟹肉-煲,蟹肉-煲
辣小碗,103,辣小碗,辣小碗
青花椒砂锅鱼,103,青-花椒-砂锅-鱼,青-花椒-砂锅-鱼
面包篮,103,面包-篮,面包-篮
食神牛腩,103,食神-牛腩,食神-牛腩
鸡肉饭,103,鸡肉饭,鸡肉饭
一品海皇三宝拼,102,一品-海皇-三宝-拼,一品-海皇-三宝-拼
一鱼三吃,102,一鱼-三-吃,一鱼-三-吃
养生有机时蔬,102,养生-有机-时蔬,养生-有机-时蔬
咸蛋黄蒸豆腐,102,咸蛋-黄蒸-豆腐,咸蛋-黄蒸-豆腐
大娘单饼卷两样,102,大娘-单饼-卷-两样,大娘-单饼-卷-两样
大盆花菜,102,大-盆花-菜,大-盆花-菜
奶沙虾膏酿老油条,102,奶沙-虾膏酿-老油条,奶沙-虾膏酿-老油条
情妹特色鹅掌,102,情妹-特色-鹅掌,情妹-特色-鹅掌
招牌德国猪脚,102,招牌-德国-猪脚,招牌-德国-猪脚
招牌炸鱼塔克,102,招牌-炸鱼-塔克,招牌-炸鱼-塔克
招牌鲜虾小馄饨,102,招牌-鲜虾-小-馄饨,招牌-鲜虾-小-馄饨
排骨压土豆,102,排骨-压-土豆,排骨-压-土豆
松鼠鳜鱼,102,松鼠-鳜鱼,松鼠-鳜鱼
武汉臭干子,102,武汉-臭干子,武汉-臭干子
沂蒙山炒鸡,102,沂蒙山-炒鸡,沂蒙山-炒鸡
海胆豆腐,102,海胆-豆腐,海胆-豆腐
海鲜闷面,102,海鲜-闷面,海鲜-闷面
滋味烤羊排,102,滋味-烤羊-排,滋味-烤羊-排
牛蹄筋,102,牛-蹄筋,牛-蹄筋
花溪牛肉粉,102,花溪-牛肉-粉,花溪-牛肉-粉
草菇蒸凤爪,102,草菇-蒸-凤爪,草菇-蒸-凤爪
菜心炒鸡杂,102,菜心-炒-鸡杂,菜心-炒-鸡杂
虾虎,102,虾-虎,虾-虎
酱油水竹蛏,102,酱油-水竹-蛏,酱油-水竹-蛏
酸梅冰粉,102,酸梅-冰粉,酸梅-冰粉
金牌滋味肉,102,金牌-滋味-肉,金牌-滋味-肉
金牌烤鸭仔,102,金牌-烤鸭-仔,金牌-烤鸭-仔
飘香水煮鱼,102,飘香-水煮鱼,飘香-水煮鱼
食客熏排骨,102,食客-熏-排骨,食客-熏-排骨
餐前包,102,餐前-包,餐前-包
香蕉飞饼,102,香蕉-飞饼,香蕉-飞饼
香锅扯面,102,香锅-扯-面,香锅-扯-面
麻辣酸菜鱼,102,麻辣-酸菜鱼,麻辣-酸菜鱼
龙虾汁海鲜捞饭,102,龙虾-汁-海鲜-捞饭,龙虾-汁-海鲜-捞饭
云南野菌饺,101,云南-野菌-饺,云南-野菌-饺
怒火ga,101,怒火-ga,怒火-ga
招牌虾饺妹,101,招牌-虾饺-妹,招牌-虾饺-妹
樱桃山药,101,樱桃-山药,樱桃-山药
湘汇烤鱼,101,湘汇-烤鱼,湘汇-烤鱼
珍珠小马蹄,101,珍珠-小-马蹄,珍珠-小-马蹄
甜甜小公鸡,101,甜甜-小公鸡,甜甜-小公鸡
红油梭边鱼,101,红油-梭边-鱼,红油-梭边-鱼
绝代双骄,101,绝代-双骄,绝代-双骄
董家极品毛肚,101,董家-极品-毛肚,董家-极品-毛肚
酱香味淮王鱼,101,酱-香味-淮王-鱼,酱-香味-淮王-鱼
金汤鱼片,101,金汤-鱼片,金汤-鱼片
香煎米粑,101,香-煎-米-粑,香-煎-米-粑
麻辣牛肉粉,101,麻辣-牛肉-粉,麻辣-牛肉-粉
一口西多士,100,一口-西多士,一口-西多士
东来顺特色羊肉,100,东来顺-特色-羊肉,东来顺-特色-羊肉
冒脑花,100,冒脑花,冒脑花
多嘴蟹肉煲,100,多嘴-蟹肉-煲,多嘴-蟹肉-煲
大锅蒸海鲜,100,大锅-蒸-海鲜,大锅-蒸-海鲜
小酥鱼,100,小酥鱼,小酥鱼
干锅排骨虾,100,干锅-排骨-虾,干锅-排骨-虾
干锅有机菜花,100,干锅-有机-菜花,干锅-有机-菜花
手作牛肉丸,100,手作-牛肉丸,手作-牛肉丸
招牌龙虾,100,招牌-龙虾,招牌-龙虾
斑鱼火锅,100,斑鱼-火锅,斑鱼-火锅
本初烧,100,本初-烧,本初-烧
水煮肉,100,水-煮肉,水-煮肉
海南鸡饭套餐,100,海南-鸡饭-套餐,海南-鸡饭-套餐
满园烤鸭,100,满园-烤鸭,满园-烤鸭
牛小排,100,牛小排,牛小排
相思鲈鱼,100,相思-鲈鱼,相思-鲈鱼
米皮,100,米-皮,米-皮
蒜香大鱿鱼,100,蒜-香大-鱿鱼,蒜-香大-鱿鱼
蓝蛙汉堡,100,蓝蛙-汉堡,蓝蛙-汉堡
蜜汁叉烧饭,100,蜜汁-叉烧饭,蜜汁-叉烧饭
越式酸辣海鲜汤河粉,100,越式-酸辣-海鲜-汤河粉,越式-酸辣-海鲜-汤河粉
迷你小份,100,迷你-小份,迷你-小份
酱肉包,100,酱肉-包,酱肉-包
金牌干炸丸子,100,金牌-干-炸丸子,金牌-干-炸丸子
铁板日本豆腐,100,铁板-日本-豆腐,铁板-日本-豆腐
铁板粉丝,100,铁板-粉丝,铁板-粉丝
鱼排,100,鱼排,鱼排
凉拌鲫鱼,99,凉拌-鲫鱼,凉拌-鲫鱼
匹夫麻酱小料,99,匹夫-麻酱-小料,匹夫-麻酱-小料
千丝肚,99,千丝-肚,千丝-肚
太阳卷,99,太阳-卷,太阳-卷
巴西烤肉,99,巴西-烤肉,巴西-烤肉
扁豆排骨焖卷子,99,扁豆-排骨-焖-卷子,扁豆-排骨-焖-卷子
折耳根,99,折-耳根,折-耳根
招牌炸虾仁,99,招牌-炸-虾仁,招牌-炸-虾仁
招牌鱼头煲,99,招牌-鱼头-煲,招牌-鱼头-煲
桂花酒酿圆子,99,桂花-酒酿-圆子,桂花-酒酿-圆子
沸腾水煮鱼,99,沸腾-水煮鱼,沸腾-水煮鱼
滋味牛仔骨,99,滋味-牛仔-骨,滋味-牛仔-骨
火车头河粉,99,火车头-河粉,火车头-河粉
烩三鲜,99,烩-三鲜,烩-三鲜
煎羊扒,99,煎-羊-扒,煎-羊-扒
爆烤猪蹄,99,爆烤-猪蹄,爆烤-猪蹄
特色凹锅肉,99,特色-凹锅-肉,特色-凹锅-肉
玫瑰圆子,99,玫瑰-圆子,玫瑰-圆子
生抠鲜鸭肠,99,生抠鲜-鸭肠,生抠鲜-鸭肠
百花稍梅,99,百花-稍梅,百花-稍梅
碧绿菌皇炒带子,99,碧绿-菌-皇-炒-带子,碧绿-菌-皇-炒-带子
粗粮拉皮,99,粗粮-拉皮,粗粮-拉皮
精品酥不腻烤鸭,99,精品-酥-不腻-烤鸭,精品-酥-不腻-烤鸭
红油耗儿鱼锅,99,红-油耗-儿鱼-锅,红-油耗-儿鱼-锅
藤椒鹅肠,99,藤椒鹅肠,藤椒鹅肠
虾籽面,99,虾籽面,虾籽面
蚵仔肉碎泡饭,99,蚵-仔肉-碎-泡饭,蚵-仔肉-碎-泡饭
酱油河虾,99,酱油-河虾,酱油-河虾
重庆辣子鸡,99,重庆-辣子鸡,重庆-辣子鸡
铁锅鲜鱼上上签,99,铁锅-鲜鱼-上-上-签,铁锅-鲜鱼-上-上-签
锅巴,99,锅巴,锅巴
香蕉甩饼,99,香蕉-甩饼,香蕉-甩饼
鱼香龙虾,99,鱼香-龙虾,鱼香-龙虾
麻香嫩牛肉,99,麻-香嫩-牛肉,麻-香嫩-牛肉
南越春卷,98,南越-春卷,南越-春卷
嘎巴香三样,98,嘎巴-香-三样,嘎巴-香-三样
椒盐大王蛇,98,椒盐-大王-蛇,椒盐-大王-蛇
江油肥肠,98,江油-肥肠,江油-肥肠
混椒鸡,98,混椒-鸡,混椒-鸡
烤牛蛙,98,烤-牛蛙,烤-牛蛙
石屏豆腐,98,石屏-豆腐,石屏-豆腐
秘制江湖鱼,98,秘制-江湖-鱼,秘制-江湖-鱼
西红柿鸡蛋扯面,98,西红柿-鸡蛋-扯面,西红柿-鸡蛋-扯面
让豆腐,98,让-豆腐,让-豆腐
青花椒麻辣鱼,98,青-花椒-麻辣-鱼,青-花椒-麻辣-鱼
鲜牛黄喉,98,鲜-牛黄-喉,鲜-牛黄-喉
鸳鸯海鲜汤,98,鸳鸯-海鲜-汤,鸳鸯-海鲜-汤
麻将油麦菜,98,麻将-油麦-菜,麻将-油麦-菜
BBQ烤猪排,97,BBQ-烤-猪排,BBQ-烤-猪排
一座城池,97,一座-城池,一座-城池
三鲜烩面,97,三鲜-烩面,三鲜-烩面
卤蛋,97,卤蛋,卤蛋
奶豆腐,97,奶豆腐,奶豆腐
招牌脆皮鸡,97,招牌-脆皮-鸡,招牌-脆皮-鸡
新封咸肉,97,新封-咸肉,新封-咸肉
晓宇嫩牛肉,97,晓宇嫩-牛肉,晓宇嫩-牛肉
水煮臭豆腐,97,水煮-臭豆腐,水煮-臭豆腐
法国鹅肝酱h豆腐,97,法国-鹅-肝酱-h-豆腐,法国-鹅-肝酱-h-豆腐
牛尾,97,牛尾,牛尾
电烤羊肉串,97,电-烤羊肉串,电-烤羊肉串
眼肉,97,眼肉,眼肉
石头挑鸡蛋,97,石头-挑-鸡蛋,石头-挑-鸡蛋
石锅鸡,97,石锅-鸡,石锅-鸡
竹荪菌,97,竹荪-菌,竹荪-菌
粉蒸排骨,97,粉蒸-排骨,粉蒸-排骨
素馅烧麦,97,素馅-烧麦,素馅-烧麦
美式大薯条,97,美式-大-薯条,美式-大-薯条
肥肠煲,97,肥肠-煲,肥肠-煲
腐皮鸡毛菜,97,腐皮-鸡毛-菜,腐皮-鸡毛-菜
苔菜江白虾,97,苔菜-江白-虾,苔菜-江白-虾
莎莎酱配玉米片,97,莎莎酱-配-玉米片,莎莎酱-配-玉米片
那家特色豆腐,97,那-家-特色-豆腐,那-家-特色-豆腐
麻花虾球,97,麻花-虾球,麻花-虾球
麻辣排骨,97,麻辣-排骨,麻辣-排骨
麻酱花卷,97,麻酱-花卷,麻酱-花卷
咖喱肥牛土豆泥,96,咖喱-肥牛-土豆泥,咖喱-肥牛-土豆泥
坛子牛排,96,坛子-牛排,坛子-牛排
大头菜爆海螺片,96,大头菜-爆-海螺-片,大头菜-爆-海螺-片
大饼卷肉,96,大饼-卷肉,大饼-卷肉
大骨煲,96,大骨煲,大骨煲
宫保鳕鱼丁,96,宫保-鳕鱼-丁,宫保-鳕鱼-丁
小肠炖百叶结,96,小肠-炖-百叶-结,小肠-炖-百叶-结
帝王蟹腿,96,帝王-蟹-腿,帝王-蟹-腿
干贝火腿冬瓜,96,干贝-火腿-冬瓜,干贝-火腿-冬瓜
开片基围虾,96,开-片基-围虾,开-片基-围虾
扬州干丝,96,扬州-干丝,扬州-干丝
招牌柠檬虾,96,招牌-柠檬-虾,招牌-柠檬-虾
招牌风干肉,96,招牌-风干-肉,招牌-风干-肉
挪威三文鱼,96,挪威-三文鱼,挪威-三文鱼
榴莲流奶牛角包,96,榴莲-流-奶牛-角包,榴莲-流-奶牛-角包
清远鸡,96,清远-鸡,清远-鸡
湘式剁椒鱼头,96,湘式-剁-椒-鱼头,湘式-剁-椒-鱼头
炭火干锅虾,96,炭火-干锅-虾,炭火-干锅-虾
烧汁肥牛,96,烧汁-肥牛,烧汁-肥牛
熏鱼面,96,熏鱼-面,熏鱼-面
糖醋小排骨,96,糖醋-小-排骨,糖醋-小-排骨
红烧牛舌尾,96,红烧-牛舌-尾,红烧-牛舌-尾
经典牛肉面,96,经典-牛肉面,经典-牛肉面
羊肉火锅,96,羊肉-火锅,羊肉-火锅
美蛙锅,96,美蛙-锅,美蛙-锅
药膳炒饭,96,药膳-炒饭,药膳-炒饭
赤豆糊,96,赤豆-糊,赤豆-糊
酱猪蹄,96,酱-猪蹄,酱-猪蹄
酸辣白菜,96,酸-辣白菜,酸-辣白菜
野生黄鱼煨面,96,野生-黄鱼-煨-面,野生-黄鱼-煨-面
金牌蛋豆腐,96,金牌-蛋-豆腐,金牌-蛋-豆腐
铁锅鲶鱼,96,铁锅-鲶鱼,铁锅-鲶鱼
鱼汤面,96,鱼汤-面,鱼汤-面
鲈鱼,96,鲈鱼,鲈鱼
鲜青椒味的鱼,96,鲜-青椒-味-的-鱼,鲜-青椒-味-的-鱼
鸽子饭,96,鸽子-饭,鸽子-饭
黑鱼煲,96,黑鱼-煲,黑鱼-煲
80后有机菜花,95,80-后-有机-菜花,80-后-有机-菜花
伊府面,95,伊府面,伊府面
八宝粥,95,八宝粥,八宝粥
养生核桃包,95,养生-核桃-包,养生-核桃-包
半筋半肉面,95,半筋-半肉面,半筋-半肉面
嘎鱼,95,嘎鱼,嘎鱼
四季鱼头,95,四季-鱼头,四季-鱼头
奶油蘑菇浓汤,95,奶油-蘑菇-浓汤,奶油-蘑菇-浓汤
小辣望潮,95,小辣望-潮,小辣望-潮
山药宽粉,95,山药-宽粉,山药-宽粉
干锅排骨,95,干锅-排骨,干锅-排骨
德国乳酪肉肠,95,德国-乳酪-肉肠,德国-乳酪-肉肠
招牌牛肉,95,招牌-牛肉,招牌-牛肉
招牌猪手,95,招牌-猪手,招牌-猪手
果木牛扒,95,果木-牛扒,果木-牛扒
海味焖面,95,海味-焖-面,海味-焖-面
海鲜全家福,95,海鲜-全家福,海鲜-全家福
炒饭,95,炒饭,炒饭
童年茶香肉,95,童年-茶香-肉,童年-茶香-肉
糯米红枣,95,糯米-红枣,糯米-红枣
素锅贴,95,素-锅贴,素-锅贴
老洛阳卤面,95,老-洛阳-卤面,老-洛阳-卤面
芝士南瓜,95,芝士-南瓜,芝士-南瓜
藜蒿炒腊肉,95,藜-蒿-炒-腊肉,藜-蒿-炒-腊肉
蜜汁叉烧皇,95,蜜汁-叉烧-皇,蜜汁-叉烧-皇
豆油皮,95,豆油-皮,豆油-皮
酱烧笔管鱼,95,酱烧-笔管-鱼,酱烧-笔管-鱼
金牌魔鬼牛蛙,95,金牌-魔鬼-牛蛙,金牌-魔鬼-牛蛙
锦庐四品,95,锦庐-四品,锦庐-四品
香煎猪肝,95,香-煎-猪肝,香-煎-猪肝
鸟贝,95,鸟贝,鸟贝
麻辣空间,95,麻辣-空间,麻辣-空间
黄粑,95,黄粑,黄粑
黑曜石,95,黑曜石,黑曜石
龙虾煲粥,95,龙虾-煲-粥,龙虾-煲-粥
全爆,94,全爆,全爆
培根芝士鸡蛋薯条,94,培根-芝士-鸡蛋-薯条,培根-芝士-鸡蛋-薯条
太湖三白,94,太湖-三白,太湖-三白
桃仁油麦菜,94,桃仁-油麦-菜,桃仁-油麦-菜
武林厨神虾饺,94,武林-厨神-虾饺,武林-厨神-虾饺
江湖情酸菜鱼,94,江湖情-酸菜鱼,江湖情-酸菜鱼
炒鸡杂,94,炒-鸡杂,炒-鸡杂
煎饼卷大葱,94,煎饼-卷-大葱,煎饼-卷-大葱
特色熏鱼,94,特色-熏鱼,特色-熏鱼
翅汤东星斑,94,翅-汤-东星-斑,翅-汤-东星-斑
西旗系列,94,西旗-系列,西旗-系列
越南米线,94,越南-米线,越南-米线
送的雪花肥牛,94,送-的-雪花-肥牛,送-的-雪花-肥牛
金丝沙律虾,94,金丝-沙律-虾,金丝-沙律-虾
韩国小牛肉,94,韩国-小牛肉,韩国-小牛肉
鲜椒啤酒兔,94,鲜椒-啤酒-兔,鲜椒-啤酒-兔
鼎鲜招牌斑鱼片,94,鼎鲜-招牌-斑鱼-片,鼎鲜-招牌-斑鱼-片
r泡,94,r-泡-,r-泡-
五谷杂粮蒸牛小排,93,五谷杂粮-蒸牛小排,五谷杂粮-蒸牛小排
八爪鱼,93,八爪-鱼,八爪-鱼
养生一品老鸡汤,93,养生-一品-老-鸡汤,养生-一品-老-鸡汤
十秒涮鱼片,93,十秒-涮-鱼片,十秒-涮-鱼片
南美烤肉,93,南美-烤肉,南美-烤肉
原创芝士蛋糕,93,原创-芝士-蛋糕,原创-芝士-蛋糕
咱家茄子,93,咱家-茄子,咱家-茄子
坛子肉,93,坛子-肉,坛子-肉
天鹅蛋,93,天鹅-蛋,天鹅-蛋
安格斯雪花牛扒,93,安格斯-雪花-牛扒,安格斯-雪花-牛扒
招牌酱大骨,93,招牌-酱大骨,招牌-酱大骨
摇滚东北大拉皮,93,摇滚-东北-大-拉皮,摇滚-东北-大-拉皮
擂椒茄子,93,擂椒-茄子,擂椒-茄子
毛氏爆三样,93,毛氏-爆-三样,毛氏-爆-三样
江团鱼,93,江-团鱼,江-团鱼
沙盖面筋,93,沙盖-面筋,沙盖-面筋
海虾,93,海虾,海虾
炸软壳虾,93,炸软壳-虾,炸软壳-虾
烤大茄,93,烤大茄,烤大茄
燃烧吧蜂窝煤,93,燃烧-吧-蜂窝煤,燃烧-吧-蜂窝煤
牛油锅,93,牛-油锅,牛-油锅
特制豆腐,93,特制-豆腐,特制-豆腐
猪肚汤,93,猪肚-汤,猪肚-汤
石锅香芋,93,石锅-香芋,石锅-香芋
石锅鲫鱼,93,石锅-鲫鱼,石锅-鲫鱼
糊饼,93,糊饼,糊饼
翅汤白菜叶,93,翅-汤-白菜叶,翅-汤-白菜叶
肉丸汤,93,肉丸-汤,肉丸-汤
芭蕉叶烤肉,93,芭蕉叶-烤肉,芭蕉叶-烤肉
跳舞钢管鸡,93,跳舞-钢管-鸡,跳舞-钢管-鸡
金沙豆腐,93,金沙-豆腐,金沙-豆腐
铁板鱿鱼须,93,铁板-鱿鱼-须,铁板-鱿鱼-须
锦绣虾仁肠粉,93,锦绣-虾仁-肠粉,锦绣-虾仁-肠粉
面疙瘩,93,面疙瘩,面疙瘩
香烤玫瑰鱼,93,香烤-玫瑰-鱼,香烤-玫瑰-鱼
马兰干红烧肉,93,马兰-干-红烧肉,马兰-干-红烧肉
马苏里拉h金瓜,93,马苏-里拉-h-金瓜,马苏-里拉-h-金瓜
鲜虾肠,93,鲜虾-肠,鲜虾-肠
黄焖鱼肚,93,黄焖-鱼肚,黄焖-鱼肚
黄豆猪蹄,93,黄豆-猪蹄,黄豆-猪蹄
三不粘,92,三-不-粘,三-不-粘
关中四小件,92,关中-四-小件,关中-四-小件
响铃卷,92,响铃-卷,响铃-卷
天津卫粘肉,92,天津-卫粘肉,天津-卫粘肉
扒羊肉条,92,扒-羊肉-条,扒-羊肉-条
新加坡特香鸡,92,新加坡-特香鸡,新加坡-特香鸡
极品老爆三,92,极品-老爆-三,极品-老爆-三
桂花小汤圆,92,桂花-小-汤圆,桂花-小-汤圆
椒盐虾,92,椒盐-虾,椒盐-虾
水煮巴沙鱼,92,水煮-巴-沙鱼,水煮-巴-沙鱼
江南生煎包,92,江南-生煎包,江南-生煎包
泰式菠萝炒饭,92,泰式-菠萝-炒饭,泰式-菠萝-炒饭
清蒸白水鱼,92,清蒸-白水-鱼,清蒸-白水-鱼
煎饼果子,92,煎饼果子,煎饼果子
牛三哥牛肉汤,92,牛三哥-牛肉汤,牛三哥-牛肉汤
牛排套餐配烩饭,92,牛排-套餐-配-烩饭,牛排-套餐-配-烩饭
状元及第粥,92,状元-及第-粥,状元-及第-粥
粥涮鲈鱼,92,粥-涮-鲈鱼,粥-涮-鲈鱼
羊棒,92,羊棒,羊棒
老厨白菜,92,老厨-白菜,老厨-白菜
胡椒饼,92,胡椒-饼,胡椒-饼
花雕焖肉,92,花雕-焖-肉,花雕-焖-肉
芹菜虾丸,92,芹菜-虾丸,芹菜-虾丸
药膳乳鸽,92,药膳-乳鸽,药膳-乳鸽
蛏子王,92,蛏子-王,蛏子-王
话梅排骨,92,话梅-排骨,话梅-排骨
铁板手撕包菜,92,铁板-手-撕-包菜,铁板-手-撕-包菜
铁板锡纸鲈鱼,92,铁板-锡纸-鲈鱼,铁板-锡纸-鲈鱼
锅盔盐煎肉,92,锅盔-盐-煎肉,锅盔-盐-煎肉
风味大头菜,92,风味-大头菜,风味-大头菜
食尖好刂菩×虾,92,食尖-秘制-小龙虾,食尖-秘制-小龙虾
香草凤尾虾,92,香草-凤尾-虾,香草-凤尾-虾
高原毛肚,92,高原-毛肚,高原-毛肚
鸡煲翅,92,鸡煲-翅,鸡煲-翅
乌珠穆沁羊肉,91,乌珠穆沁-羊肉,乌珠穆沁-羊肉
凉拌苦菊,91,凉拌-苦菊,凉拌-苦菊
华德汤包,91,华德-汤包,华德-汤包
参汤虾饺,91,参汤-虾饺,参汤-虾饺
大饼猪头肉,91,大饼-猪头肉,大饼-猪头肉
妈妈特色年糕,91,妈妈-特色-年糕,妈妈-特色-年糕
我爱龙利鱼,91,我-爱龙利鱼,我-爱龙利鱼
招牌板烧鸡,91,招牌-板-烧鸡,招牌-板-烧鸡
招牌相思葡挞,91,招牌-相思-葡挞,招牌-相思-葡挞
招牌香辣蟹,91,招牌-香辣蟹,招牌-香辣蟹
月牙骨羊肉,91,月牙-骨-羊肉,月牙-骨-羊肉
桂花糕,91,桂花-糕,桂花-糕
法式蜗牛,91,法式-蜗牛,法式-蜗牛
淹城鱼头,91,淹城-鱼头,淹城-鱼头
炒圣子,91,炒-圣子,炒-圣子
炖排骨,91,炖排骨,炖排骨
牛三件,91,牛-三件,牛-三件
特价肘子,91,特价-肘子,特价-肘子
石锅蝴蝶虾,91,石锅-蝴蝶-虾,石锅-蝴蝶-虾
红烧牛肉,91,红烧-牛肉,红烧-牛肉
美极元宝虾,91,美极-元宝-虾,美极-元宝-虾
考伯色拉,91,考伯-色拉,考伯-色拉
肉酱千层面,91,肉酱-千-层面,肉酱-千-层面
蒸美国大凤爪,91,蒸-美国-大-凤爪,蒸-美国-大-凤爪
虾火锅,91,虾-火锅,虾-火锅
蜜枣银心,91,蜜枣-银心,蜜枣-银心
转角遇到爱,91,转角-遇到-爱,转角-遇到-爱
邻居家的蜂窝煤,91,邻居家-的-蜂窝煤,邻居家-的-蜂窝煤
金枪鱼,91,金枪鱼,金枪鱼
金牌蚝饭,91,金牌-蚝-饭,金牌-蚝-饭
霜降牛排,91,霜降-牛排,霜降-牛排
鲍鱼仔,91,鲍鱼-仔,鲍鱼-仔
鲍鱼鸡,91,鲍鱼-鸡,鲍鱼-鸡
鸡肉玉米片,91,鸡肉-玉米片,鸡肉-玉米片
0731鸡煲,90,0731-鸡煲,0731-鸡煲
一品蛋酥,90,一品-蛋-酥,一品-蛋-酥
一级腊味饭,90,一级-腊味-饭,一级-腊味-饭
偷吃豆腐,90,偷-吃豆腐,偷-吃豆腐
小米活海参,90,小米-活-海参,小米-活-海参
巨无霸鲅鱼水饺,90,巨无霸-鲅鱼-水饺,巨无霸-鲅鱼-水饺
江米排骨,90,江米-排骨,江米-排骨
沙爹金钱肚,90,沙爹-金钱-肚,沙爹-金钱-肚
炭烧香茅猪扒,90,炭烧-香茅-猪扒,炭烧-香茅-猪扒
煎封乌鲳,90,煎-封-乌鲳,煎-封-乌鲳
牛肉焖饼,90,牛肉-焖-饼,牛肉-焖-饼
牛舌Tacos,90,牛舌-Tacos,牛舌-Tacos
猪五花,90,猪-五花,猪-五花
猪扒包,90,猪扒-包,猪扒-包
石烹秋葵,90,石烹-秋葵,石烹-秋葵
翡翠螺,90,翡翠-螺,翡翠-螺
脆皮鸽,90,脆皮-鸽,脆皮-鸽
芒果糯米饭,90,芒果-糯米饭,芒果-糯米饭
蟹肉粉丝堡,90,蟹肉-粉丝-堡,蟹肉-粉丝-堡
酱筋,90,酱筋,酱筋
酱骨王,90,酱骨王,酱骨王
阿胶烩凤爪,90,阿胶-烩-凤爪,阿胶-烩-凤爪
香辣鱼,90,香辣-鱼,香辣-鱼
俺家自制拉皮,89,俺家-自制-拉皮,俺家-自制-拉皮
冻鸳鸯,89,冻-鸳鸯,冻-鸳鸯
包菜炒馕,89,包菜-炒-馕,包菜-炒-馕
口袋豆腐,89,口袋-豆腐,口袋-豆腐
土豆炖牛腩,89,土豆-炖-牛腩,土豆-炖-牛腩
徐家口口脆,89,徐家-口口脆,徐家-口口脆
折罗,89,折罗,折罗
新派毛血旺,89,新派-毛血旺,新派-毛血旺
湘汇烤全鱼,89,湘汇-烤-全鱼,湘汇-烤-全鱼
番茄炖鱼,89,番茄-炖鱼,番茄-炖鱼
老济南甜沫,89,老-济南-甜沫,老-济南-甜沫
菌汤锅,89,菌-汤锅,菌-汤锅
藕海,89,藕-海,藕-海
藤椒鸡,89,藤椒-鸡,藤椒-鸡
蚝烙,89,蚝-烙,蚝-烙
蛋黄h海蛎,89,蛋黄-h-海蛎,蛋黄-h-海蛎
蜜桃烤鱼,89,蜜桃-烤鱼,蜜桃-烤鱼
金钱肚,89,金钱-肚,金钱-肚
香葱鲈鱼,89,香葱-鲈鱼,香葱-鲈鱼
香辣味碳烤清江鱼,89,香-辣味-碳-烤-清江-鱼,香-辣味-碳-烤-清江-鱼
魔芋,89,魔芋,魔芋
鸭胗,89,鸭-胗,鸭-胗
一品豆腐,88,一品-豆腐,一品-豆腐
一蟹两食,88,一蟹-两食,一蟹-两食
冒烤鸭,88,冒-烤鸭,冒-烤鸭
卤猪蹄,88,卤-猪蹄,卤-猪蹄
大核桃花生仁,88,大-核桃-花生仁,大-核桃-花生仁
宫保豆腐,88,宫保-豆腐,宫保-豆腐
整只波士顿龙虾,88,整只-波士顿-龙虾,整只-波士顿-龙虾
杭州小排骨,88,杭州-小-排骨,杭州-小-排骨
松子鱼,88,松子-鱼,松子-鱼
松茸炖鸡,88,松茸-炖鸡,松茸-炖鸡
比脸大的毛肚,88,比脸-大-的-毛肚,比脸-大-的-毛肚
清蒸海鲈鱼,88,清蒸-海-鲈鱼,清蒸-海-鲈鱼
秘制牛肋骨,88,秘制-牛-肋骨,秘制-牛-肋骨
蒙古牛肉,88,蒙古-牛肉,蒙古-牛肉
藕夹,88,藕-夹,藕-夹
辣子蒜羊血,88,辣子-蒜-羊血,辣子-蒜-羊血
霸王排骨虾,88,霸王-排骨-虾,霸王-排骨-虾
霸王虾,88,霸王-虾,霸王-虾
香港深井烧鸭,88,香港-深井-烧鸭,香港-深井-烧鸭
黄焖羊肉,88,黄焖-羊肉,黄焖-羊肉
taco,87,taco,taco
何师烤肉,87,何师-烤肉,何师-烤肉
十八秒油爆虾,87,十八-秒-油-爆虾,十八-秒-油-爆虾
古井三杯鸡,87,古井-三杯-鸡,古井-三杯-鸡
古法坛子肉,87,古-法-坛子-肉,古-法-坛子-肉
壹米家红烧肉,87,壹米家-红烧肉,壹米家-红烧肉
妈妈炒饭,87,妈妈-炒饭,妈妈-炒饭
宫爆皮蛋,87,宫爆-皮蛋,宫爆-皮蛋
干煸茶树菇,87,干-煸-茶树菇,干-煸-茶树菇
慕斯蛋糕,87,慕斯-蛋糕,慕斯-蛋糕
捞派滑牛,87,捞-派-滑-牛,捞-派-滑-牛
沙拉牛排,87,沙拉-牛排,沙拉-牛排
波士顿大龙虾,87,波士顿-大龙虾,波士顿-大龙虾
海肠茄子,87,海肠-茄子,海肠-茄子
湘宴手工蒸饺,87,湘宴-手工-蒸饺,湘宴-手工-蒸饺
炭舍跳跳蛙,87,炭舍-跳跳-蛙,炭舍-跳跳-蛙
牛排杯,87,牛排-杯,牛排-杯
牛肋排,87,牛肋排,牛肋排
绿野仙踪轻盈吐司,87,绿野仙踪-轻盈-吐司,绿野仙踪-轻盈-吐司
脆皮猪肘,87,脆皮-猪肘,脆皮-猪肘
薯角,87,薯角,薯角
虾饺王,87,虾饺-王,虾饺-王
蟹粉笋丁面,87,蟹粉-笋丁面,蟹粉-笋丁面
豆角焖面,87,豆角-焖-面,豆角-焖-面
酒炙鸡翅,87,酒-炙-鸡翅,酒-炙-鸡翅
酱汁蒸凤爪,87,酱汁-蒸-凤爪,酱汁-蒸-凤爪
酸汤鲈鱼,87,酸-汤-鲈鱼,酸-汤-鲈鱼
酸笋,87,酸笋,酸笋
金牌乳鸽,87,金牌-乳鸽,金牌-乳鸽
首创剪刀鸭,87,首创-剪刀-鸭,首创-剪刀-鸭
黑椒石锅肥牛饭,87,黑椒-石锅-肥牛-饭,黑椒-石锅-肥牛-饭
农家大拌菜,86,农家-大拌-菜,农家-大拌-菜
千品肝尖,86,千品-肝尖,千品-肝尖
原只鲍鱼烧鹅酥,86,原只-鲍鱼-烧鹅-酥,原只-鲍鱼-烧鹅-酥
厨娘小笼包,86,厨娘-小笼包,厨娘-小笼包
叻沙,86,叻-沙,叻-沙
孔府煎包,86,孔府-煎-包,孔府-煎-包
手撕鸭,86,手-撕-鸭,手-撕-鸭
招牌厚多士,86,招牌-厚多士,招牌-厚多士
招牌酸辣粉,86,招牌-酸辣粉,招牌-酸辣粉
桂花赤豆小圆子,86,桂花-赤豆-小-圆子,桂花-赤豆-小-圆子
桃园芝士烤红薯,86,桃园-芝士-烤红薯,桃园-芝士-烤红薯
梅香仔排,86,梅香-仔排,梅香-仔排
水晶粉,86,水晶-粉,水晶-粉
水果披萨,86,水果-披萨,水果-披萨
油F大r,86,油F-大r,油F-大r
炸鱼皮,86,炸鱼-皮,炸鱼-皮
烤猪肘,86,烤-猪-肘,烤-猪-肘
玉米馒头,86,玉米-馒头,玉米-馒头
王献之排骨,86,王献之-排骨,王献之-排骨
生态鸭,86,生态-鸭,生态-鸭
碳烤建水豆腐,86,碳-烤-建-水豆腐,碳-烤-建-水豆腐
美蛙鱼头,86,美蛙-鱼头,美蛙-鱼头
老姑熏排骨,86,老姑-熏-排骨,老姑-熏-排骨
色拉,86,色拉,色拉
葱头白切鸡,86,葱头-白切-鸡,葱头-白切-鸡
酸菜鱼米线,86,酸菜鱼-米线,酸菜鱼-米线
野菌圆子,86,野菌-圆子,野菌-圆子
金银海鲜泡饭,86,金银-海鲜-泡饭,金银-海鲜-泡饭
香蕉千层蛋糕,86,香蕉-千层-蛋糕,香蕉-千层-蛋糕
黎蒿炒腊肉,86,黎蒿-炒-腊肉,黎蒿-炒-腊肉
乳鸽局饭,85,乳鸽-局饭,乳鸽-局饭
包酱豆腐,85,包-酱豆腐,包-酱豆腐
南煎肝,85,南-煎-肝,南-煎-肝
和味酱皇蒸凤爪,85,和-味-酱-皇蒸-凤爪,和-味-酱-皇蒸-凤爪
宫保鳕鱼,85,宫保-鳕鱼,宫保-鳕鱼
招牌馕坑烤羊蝎子,85,招牌-馕-坑-烤-羊蝎子,招牌-馕-坑-烤-羊蝎子
望京小腰,85,望京-小腰,望京-小腰
杂粮海参,85,杂粮-海参,杂粮-海参
桂林山水小刀鸭,85,桂林山水-小刀-鸭,桂林山水-小刀-鸭
梅菜排骨,85,梅菜-排骨,梅菜-排骨
泼辣牛柳,85,泼辣-牛柳,泼辣-牛柳
炸豆腐皮,85,炸-豆腐皮,炸-豆腐皮
牛小肠,85,牛-小肠,牛-小肠
玫瑰香颂,85,玫瑰-香颂,玫瑰-香颂
现制豆腐,85,现制-豆腐,现制-豆腐
瑞士鸡翅,85,瑞士-鸡翅,瑞士-鸡翅
秘制铁板鲈鱼,85,秘制-铁板-鲈鱼,秘制-铁板-鲈鱼
稻草鸭,85,稻草-鸭,稻草-鸭
笋干烧肉,85,笋干-烧肉,笋干-烧肉
粑粑来了,85,粑-粑-来-了,粑-粑-来-了
素火腿,85,素-火腿,素-火腿
羔羊肉,85,羔羊-肉,羔羊-肉
芝士h山菌,85,芝士-h-山菌,芝士-h-山菌
蕃茄长江洄鱼,85,蕃茄-长江-洄鱼,蕃茄-长江-洄鱼
酥肉豆腐脑,85,酥-肉-豆腐脑,酥-肉-豆腐脑
金牌手切肥牛,85,金牌-手切-肥牛,金牌-手切-肥牛
香辣花蛤蜊,85,香辣-花-蛤蜊,香辣-花-蛤蜊
鲶鱼砂锅,85,鲶鱼-砂锅,鲶鱼-砂锅
黄瓜鲜虾水饺,85,黄瓜-鲜虾-水饺,黄瓜-鲜虾-水饺
黄糖糍粑,85,黄糖-糍粑,黄糖-糍粑
黄鱼羹,85,黄鱼-羹,黄鱼-羹
黑松露烧麦,85,黑松-露-烧麦,黑松-露-烧麦
八珍豆腐煲,84,八珍-豆腐-煲,八珍-豆腐-煲
冰球鹅肠,84,冰球-鹅肠,冰球-鹅肠
好吃土豆,84,好吃-土豆,好吃-土豆
宫爆鸡丁年糕,84,宫爆鸡丁-年糕,宫爆鸡丁-年糕
巧克力熔岩蛋糕,84,巧克力-熔岩-蛋糕,巧克力-熔岩-蛋糕
张飞牛肉,84,张飞-牛肉,张飞-牛肉
怯勺腰花,84,怯勺-腰花,怯勺-腰花
手撕猪肉汉堡,84,手-撕-猪肉-汉堡,手-撕-猪肉-汉堡
拌面,84,拌面,拌面
木桶豆花,84,木桶-豆花,木桶-豆花
栗子奶豆腐,84,栗子-奶豆腐,栗子-奶豆腐
桂林米粉,84,桂林-米粉,桂林-米粉
椒盐鸡翅,84,椒盐-鸡翅,椒盐-鸡翅
法式菌菇浓汤,84,法式-菌菇-浓汤,法式-菌菇-浓汤
法式野菌奶油蘑菇汤,84,法式-野菌-奶油-蘑菇-汤,法式-野菌-奶油-蘑菇-汤
牛油果核炒蛋,84,牛油果-核-炒蛋,牛油果-核-炒蛋
玫瑰红糖冰粉,84,玫瑰-红糖-冰粉,玫瑰-红糖-冰粉
相思红豆糕,84,相思-红豆-糕,相思-红豆-糕
糖蒜爆羊肉,84,糖蒜-爆-羊肉,糖蒜-爆-羊肉
菌菇虾仁锅贴,84,菌菇-虾仁-锅贴,菌菇-虾仁-锅贴
董家现炸酥肉,84,董家-现炸-酥-肉,董家-现炸-酥-肉
超级大捞檬,84,超级-大捞-檬,超级-大捞-檬
酒阳蒸经,84,酒阳-蒸经,酒阳-蒸经
酱香烤鱼,84,酱香-烤鱼,酱香-烤鱼
酸豆角肉沫,84,酸豆角-肉沫,酸豆角-肉沫
馋嘴蛙锅,84,馋嘴-蛙-锅,馋嘴-蛙-锅
香煎龙利鱼,84,香-煎-龙利鱼,香-煎-龙利鱼
黄油蒜汁沁三文鱼,84,黄油-蒜汁-沁-三文鱼,黄油-蒜汁-沁-三文鱼
黑松露浓汤,84,黑松-露-浓汤,黑松-露-浓汤
龙虾意大利面,84,龙虾-意大利-面,龙虾-意大利-面
一把骨,83,一把-骨,一把-骨
九香牛肉,83,九香-牛肉,九香-牛肉
六运特色有机肠,83,六运-特色-有机-肠,六运-特色-有机-肠
千叶豆腐排骨,83,千叶-豆腐-排骨,千叶-豆腐-排骨
卤粉,83,卤粉,卤粉
台湾双肠,83,台湾-双肠,台湾-双肠
吉士咸鸡,83,吉士-咸鸡,吉士-咸鸡
和风豆腐,83,和-风-豆腐,和-风-豆腐
咖喱时蔬配手抓饼,83,咖喱-时蔬-配手-抓饼,咖喱-时蔬-配手-抓饼
大馒头,83,大-馒头,大-馒头
招牌生煎包,83,招牌-生煎包,招牌-生煎包
文杏鸡,83,文杏鸡,文杏鸡
斑鱼皮,83,斑鱼-皮,斑鱼-皮
柠桔乳酸菌,83,柠桔-乳酸菌,柠桔-乳酸菌
水盆羊肉,83,水盆-羊肉,水盆-羊肉
清酒鹅肝,83,清酒-鹅-肝,清酒-鹅-肝
港式凤爪,83,港式-凤爪,港式-凤爪
烤鹿腿,83,烤鹿-腿,烤鹿-腿
牛肉粒锅巴塔,83,牛肉-粒-锅巴-塔,牛肉-粒-锅巴-塔
瓦罐鸡,83,瓦罐-鸡,瓦罐-鸡
精选羊排,83,精选-羊排,精选-羊排
红烧小土豆,83,红烧-小土豆,红烧-小土豆
美玲拉面,83,美玲-拉面,美玲-拉面
翡翠蟹肉汤,83,翡翠-蟹肉汤,翡翠-蟹肉汤
舒友笋尖虾饺皇,83,舒友-笋尖-虾饺-皇,舒友-笋尖-虾饺-皇
艇仔粥,83,艇-仔粥,艇-仔粥
芝士榴莲披萨,83,芝士-榴莲-披萨,芝士-榴莲-披萨
芥末堆,83,芥末-堆,芥末-堆
茶叶虾,83,茶叶-虾,茶叶-虾
莜面栲栳栳,83,莜面-栲栳-栳,莜面-栲栳-栳
菌菇汤,83,菌菇-汤,菌菇-汤
西红柿鸡蛋饺子,83,西红柿-鸡蛋-饺子,西红柿-鸡蛋-饺子
豆腐煲,83,豆腐-煲,豆腐-煲
辣炒年糕,83,辣-炒年糕,辣-炒年糕
酸汤酥肉,83,酸-汤-酥-肉,酸-汤-酥-肉
酸辣虾,83,酸辣-虾,酸辣-虾
陶陶居百年烧鹅,83,陶陶-居-百年-烧鹅,陶陶-居-百年-烧鹅
雪花双流星,83,雪花-双-流星,雪花-双-流星
香菇藜麦饭,83,香菇-藜-麦饭,香菇-藜-麦饭
香辣蛙,83,香辣-蛙,香辣-蛙
鱼饭,83,鱼饭,鱼饭
鸡丝荞麦面,83,鸡丝-荞麦面,鸡丝-荞麦面
黄金酸辣鱼,83,黄金-酸辣-鱼,黄金-酸辣-鱼
黑椒花蛤,83,黑椒-花蛤,黑椒-花蛤
Laksa,82,Laksa,Laksa
TALK虾饺皇,82,TALK-虾饺-皇,TALK-虾饺-皇
五谷杂粮米饭,82,五谷杂粮-米饭,五谷杂粮-米饭
六合鱼,82,六合-鱼,六合-鱼
冰火酥皮菠萝油,82,冰火-酥皮-菠萝油,冰火-酥皮-菠萝油
厚五花,82,厚-五花,厚-五花
外婆红糖年糕,82,外婆-红糖-年糕,外婆-红糖-年糕
意粉,82,意粉,意粉
摩登粑粑,82,摩登-粑-粑,摩登-粑-粑
极品烤鸭,82,极品-烤鸭,极品-烤鸭
海鲜砂锅粥,82,海鲜-砂锅-粥,海鲜-砂锅-粥
港式鸡蛋仔,82,港式-鸡蛋-仔,港式-鸡蛋-仔
火爆三鲜,82,火爆-三鲜,火爆-三鲜
爆煎鱼,82,爆-煎鱼,爆-煎鱼
红烧鸽,82,红烧-鸽,红烧-鸽
经典牛仔扒,82,经典-牛仔-扒,经典-牛仔-扒
绝代双椒鱼头,82,绝代-双椒-鱼头,绝代-双椒-鱼头
老杭热酥鱼,82,老杭热-酥-鱼,老杭热-酥-鱼
老母鸡汤,82,老母-鸡汤,老母-鸡汤
老黄县炸里脊,82,老-黄县-炸-里脊,老-黄县-炸-里脊
腊肠,82,腊肠,腊肠
藤椒钵钵川串,82,藤椒-钵-钵川串,藤椒-钵-钵川串
螺狮粉,82,螺狮粉,螺狮粉
螺蛳粉,82,螺蛳-粉,螺蛳-粉
西柚牛小排,82,西柚-牛小排,西柚-牛小排
连汤肉片,82,连汤-肉片,连汤-肉片
香辣牛肚面,82,香辣-牛肚-面,香辣-牛肚-面
鲜椒水煮巴沙鱼,82,鲜椒水-煮-巴-沙鱼,鲜椒水-煮-巴-沙鱼
上汤螺蛳,81,上-汤-螺蛳,上-汤-螺蛳
二道桥大盘鸡,81,二道桥-大盘鸡,二道桥-大盘鸡
会上瘾的牛肉,81,会-上瘾-的-牛肉,会-上瘾-的-牛肉
大屁股烤虾,81,大-屁股-烤-虾,大-屁股-烤-虾
太子墨汁肠,81,太子-墨汁-肠,太子-墨汁-肠
宁波汤圆,81,宁波-汤圆,宁波-汤圆
屠场鲜毛肚,81,屠场-鲜-毛肚,屠场-鲜-毛肚
干贝鲜虾粥,81,干贝-鲜虾-粥,干贝-鲜虾-粥
弄堂里的鸭儿,81,弄堂-里-的-鸭儿,弄堂-里-的-鸭儿
招牌碳烤鸭,81,招牌-碳-烤鸭,招牌-碳-烤鸭
捞拌凤爪,81,捞-拌-凤爪,捞-拌-凤爪
柠檬脆皮鸡,81,柠檬-脆皮-鸡,柠檬-脆皮-鸡
水云丝,81,水云-丝,水云-丝
海蛎子,81,海蛎子,海蛎子
火火迷你烤猪蹄,81,火火-迷你-烤-猪蹄,火火-迷你-烤-猪蹄
牛油鸡,81,牛油-鸡,牛油-鸡
牛肉饼,81,牛肉饼,牛肉饼
申海第一罐,81,申海-第一罐,申海-第一罐
盐煨牦牛肉,81,盐-煨-牦牛肉,盐-煨-牦牛肉
福缘面,81,福缘面,福缘面
红烧青蛙,81,红烧-青蛙,红烧-青蛙
羊拐,81,羊拐,羊拐
老油条炒牛肉,81,老油条-炒-牛肉,老油条-炒-牛肉
脆皮茄丁,81,脆皮-茄丁,脆皮-茄丁
芝士番薯,81,芝士-番薯,芝士-番薯
芝士香肠,81,芝士-香肠,芝士-香肠
茶树茹小炒肉,81,茶树-茹-小炒-肉,茶树-茹-小炒-肉
蔬菜卷,81,蔬菜-卷,蔬菜-卷
藤椒鱼,81,藤椒鱼,藤椒鱼
蜀香排骨鸡,81,蜀-香-排骨-鸡,蜀-香-排骨-鸡
调味五花肉,81,调味-五花肉,调味-五花肉
酒酿园子,81,酒酿-园子,酒酿-园子
金丝香茅锅巴虾,81,金丝-香茅-锅巴-虾,金丝-香茅-锅巴-虾
雪蟹腿,81,雪蟹-腿,雪蟹-腿
非一般的腐竹,81,非-一般-的-腐竹,非-一般-的-腐竹
香螺,81,香螺,香螺
鱼汤及鱼片,81,鱼汤-及-鱼片,鱼汤-及-鱼片
鸡粥,81,鸡-粥,鸡-粥
一口西多,80,一口-西-多,一口-西-多
三道鳞,80,三道-鳞,三道-鳞
仔姜爆蛙腿,80,仔姜爆-蛙腿,仔姜爆-蛙腿
冬阴功王粉,80,冬阴功-王粉,冬阴功-王粉
凉拌腰花,80,凉拌-腰花,凉拌-腰花
咸蛋黄h龙虾,80,咸蛋-黄-h-龙虾,咸蛋-黄-h-龙虾
大蝗鱼,80,大蝗-鱼,大蝗-鱼
招牌嫩牛肉,80,招牌-嫩-牛肉,招牌-嫩-牛肉
招牌米粉,80,招牌-米粉,招牌-米粉
梅子小排,80,梅子-小排,梅子-小排
沙锅鱼头,80,沙锅-鱼头,沙锅-鱼头
油渣土豆丝,80,油渣-土豆丝,油渣-土豆丝
海鲜锅,80,海鲜-锅,海鲜-锅
深井烤鹅,80,深井-烤鹅,深井-烤鹅
烧三丝,80,烧-三丝,烧-三丝
煎饼,80,煎饼,煎饼
牌九蘑菇,80,牌九-蘑菇,牌九-蘑菇
独家特制鸡翅,80,独家-特制-鸡翅,独家-特制-鸡翅
田式宫保虾,80,田式-宫保-虾,田式-宫保-虾
石锅酱萝卜,80,石锅-酱-萝卜,石锅-酱-萝卜
签签缺锅,80,签签-缺锅,签签-缺锅
糖醋鱼片,80,糖醋鱼-片,糖醋鱼-片
老济南油旋,80,老-济南-油旋,老-济南-油旋
肉汁萝卜,80,肉汁-萝卜,肉汁-萝卜
自助凉菜,80,自助-凉菜,自助-凉菜
至尊虾饺,80,至尊-虾饺,至尊-虾饺
越南榴莲肠粉,80,越南-榴莲-肠粉,越南-榴莲-肠粉
香煎牛仔骨,80,香-煎-牛仔-骨,香-煎-牛仔-骨
香锅鸡翅,80,香锅-鸡翅,香锅-鸡翅
鲜草莓芝士蛋糕,80,鲜-草莓-芝士-蛋糕,鲜-草莓-芝士-蛋糕
鸡汤百叶包,80,鸡汤-百叶-包,鸡汤-百叶-包
一米肠,79,一米-肠,一米-肠
三鲜生煎包,79,三鲜-生煎包,三鲜-生煎包
京味爆肚,79,京味-爆肚,京味-爆肚
八宝饭,79,八宝饭,八宝饭
双椒鸡捞面,79,双椒-鸡捞面,双椒-鸡捞面
大肠肺头汤,79,大肠-肺头-汤,大肠-肺头-汤
头啖汤,79,头-啖-汤,头-啖-汤
干煸口蘑,79,干-煸-口蘑,干-煸-口蘑
杂锦米线,79,杂锦-米线,杂锦-米线
松仁爆炒黄牛肉,79,松仁-爆炒-黄-牛肉,松仁-爆炒-黄-牛肉
松子桂鱼,79,松子-桂鱼,松子-桂鱼
椒盐排条,79,椒盐-排条,椒盐-排条
椒盐龙虾,79,椒盐-龙虾,椒盐-龙虾
民间桶烤饼,79,民间-桶-烤饼,民间-桶-烤饼
油爆脆鳝,79,油爆-脆鳝,油爆-脆鳝
清蒸大龙虾,79,清蒸-大龙虾,清蒸-大龙虾
澳洲M3牛侧边肉,79,澳洲-M3-牛-侧边-肉,澳洲-M3-牛-侧边-肉
澳洲肥牛,79,澳洲-肥牛,澳洲-肥牛
h锅老南瓜,79,h-锅-老-南瓜,h-锅-老-南瓜
猪手煲土鸡,79,猪手-煲-土鸡,猪手-煲-土鸡
秋葵,79,秋葵,秋葵
竹筒第一排,79,竹筒-第一排,竹筒-第一排
脊骨,79,脊骨,脊骨
至尊烤鸭,79,至尊-烤鸭,至尊-烤鸭
草鱼,79,草鱼,草鱼
荔湾猪手,79,荔湾-猪手,荔湾-猪手
蒜香小龙虾,79,蒜-香-小龙虾,蒜-香-小龙虾
辣炒海丁,79,辣-炒-海丁,辣-炒-海丁
酱骨棒,79,酱骨棒,酱骨棒
酸菜白肉血肠,79,酸菜-白肉-血肠,酸菜-白肉-血肠
金奖黑叉烧,79,金奖-黑-叉烧,金奖-黑-叉烧
金牌龙虾,79,金牌-龙虾,金牌-龙虾
鱼羊鲜,79,鱼羊鲜,鱼羊鲜
鲜虾饼,79,鲜-虾饼,鲜-虾饼
南瓜小米粥,78,南瓜-小米粥,南瓜-小米粥
印度抛饼,78,印度-抛饼,印度-抛饼
小磨豆腐,78,小-磨豆腐,小-磨豆腐
招牌芝麻鸡,78,招牌-芝麻-鸡,招牌-芝麻-鸡
撒尿牛丸,78,撒尿-牛丸,撒尿-牛丸
油豆角炖排骨,78,油-豆角-炖排骨,油-豆角-炖排骨
现场拉面,78,现场-拉面,现场-拉面
石锅茄子,78,石锅-茄子,石锅-茄子
碳烤扇子骨,78,碳-烤-扇子-骨,碳-烤-扇子-骨
芝士局番薯,78,芝士-局-番薯,芝士-局-番薯
芝麻菠菜,78,芝麻-菠菜,芝麻-菠菜
香酥排骨,78,香酥-排骨,香酥-排骨
鳝糊,78,鳝糊,鳝糊
